[16:20:10] [main/INFO] (Launcher) ModLauncher running: args [--launchTarget, forgeclientdev, --version, 21.1.248, --assetIndex, 1.21.1-17, --assetsDir, /home/alumi/.gradle/caches/fabric-loom/assets, --gameDir, ., --fml.fmlVersion, 4.0.43, --fml.mcVersion, 1.21.1, --fml.neoForgeVersion, 21.1.248, --fml.neoFormVersion, 20240808.144430]
[16:20:10] [main/INFO] (Launcher) JVM identified as Arch Linux OpenJDK 64-Bit Server VM 26.0.2.1
[16:20:10] [main/INFO] (Launcher) ModLauncher 11.0.5+main.901c6ea8 starting: java version 26.0.2.1 by Arch Linux; OS Linux arch amd64 version 7.1.9-arch1-2
[16:20:10] [main/INFO] (unprotect) Initializing Unprotect using ModLauncher backend, target: Minecraft and loader classes (minecraft+forge)
[16:20:10] [main/INFO] (ImmediateWindowHandler) Loading ImmediateWindowProvider fmlearlywindow
[16:20:10] [main/INFO] (EARLYDISPLAY) Trying GL version 4.6
[16:20:12] [main/INFO] (EARLYDISPLAY) Requested GL version 4.6 got version 4.6
[16:20:12] [main/INFO] (mixin) SpongePowered MIXIN Subsystem Version=0.8.7 Source=union:/home/alumi/.gradle/caches/modules-2/files-2.1/net.fabricmc/sponge-mixin/0.15.2+mixin.0.8.7/2af2f021d8e02a0220dc27a7a72b4666d66d44ca/sponge-mixin-0.15.2+mixin.0.8.7.jar%23110!/ Service=ModLauncher Env=CLIENT
[16:20:12] [pool-5-thread-1/INFO] (EARLYDISPLAY) GL info: NVIDIA GeForce RTX 3050 Ti Laptop GPU/PCIe/SSE2 GL version 4.6.0 NVIDIA 610.57.04, NVIDIA Corporation
[16:20:12] [main/INFO] (ModDiscoverer) Found mod file "neoforge-21.1.248-minecraft-merged-1.21.1-loom.mappings.1_21_1.layered+hash.40545-v2-neoforge-21.1.248.jar" [locator: neoforge devenv provider ([/home/alumi/.gradle/caches/fabric-loom/minecraftMaven/net/minecraft/neoforge-21.1.248-minecraft-merged/1.21.1-loom.mappings.1_21_1.layered+hash.40545-v2-neoforge-21.1.248/neoforge-21.1.248-minecraft-merged-1.21.1-loom.mappings.1_21_1.layered+hash.40545-v2-neoforge-21.1.248.jar])]
[16:20:12] [main/INFO] (ModDiscoverer) Found mod file "neoforge-21.1.248-minecraft-merged-1.21.1-loom.mappings.1_21_1.layered+hash.40545-v2-neoforge-21.1.248.jar" [locator: neoforge devenv provider ([/home/alumi/.gradle/caches/fabric-loom/minecraftMaven/net/minecraft/neoforge-21.1.248-minecraft-merged/1.21.1-loom.mappings.1_21_1.layered+hash.40545-v2-neoforge-21.1.248/neoforge-21.1.248-minecraft-merged-1.21.1-loom.mappings.1_21_1.layered+hash.40545-v2-neoforge-21.1.248.jar])]
[16:20:12] [main/INFO] (ModDiscoverer) Found mod file "main" [locator: userdev mods and services, reader: mod manifest]
[16:20:12] [main/INFO] (ModDiscoverer) Found mod file "neoforge-21.1.248-minecraft-merged-1.21.1-loom.mappings.1_21_1.layered+hash.40545-v2-neoforge-21.1.248.jar" [locator: userdev mods and services, reader: mod manifest]
[16:20:12] [main/INFO] (ModDiscoverer) Found mod file "architectury-neoforge-bd6068e4-13.0.11.jar" [locator: userdev mods and services, reader: mod manifest]
[16:20:12] [main/INFO] (ModDiscoverer) Found mod file "kffmod-neoforge-5.12.0.jar" [locator: userdev mods and services, reader: mod manifest]
[16:20:12] [main/INFO] (ModDiscoverer) Found mod file "2848733509020848586.jar" [locator: userdev mods and services, reader: mod manifest]
[16:20:12] [main/INFO] (ModDiscoverer) Found gamelibrary file "mixinextras-neoforge-0.5.3.jar" [locator: userdev mods and services, reader: mod manifest]
[16:20:12] [main/INFO] (ModDiscoverer) Found library file "kotlinforforge-neoforge-5.12.0.jar" [locator: userdev mods and services, reader: mod manifest]
[16:20:12] [main/INFO] (ModDiscoverer) Found library file "kfflang-neoforge-5.12.0.jar" [locator: userdev mods and services, reader: mod manifest]
[16:20:12] [main/INFO] (ModDiscoverer) Found gamelibrary file "kfflib-neoforge-5.12.0.jar" [locator: userdev mods and services, reader: mod manifest]
[16:20:12] [main/WARN] (JarSelector) Attempted to select a dependency jar for JarJar which was passed in as source: library:mixinextras.neoforge. Using Mod File: /home/alumi/.gradle/caches/modules-2/files-2.1/io.github.llamalad7/mixinextras-neoforge/0.5.3/a0919957808de97707c5fb4ce073e66aeef3e187/mixinextras-neoforge-0.5.3.jar
[16:20:12] [main/INFO] (JarInJarDependencyLocator) Found 9 dependencies adding them to mods collection
[16:20:12] [main/INFO] (ModDiscoverer) Found library file "kotlinx-serialization-core-jvm-1.11.0.jar" [parent: kotlinforforge-neoforge-5.12.0.jar, locator: jarinjar]
[16:20:12] [main/INFO] (ModDiscoverer) Found library file "kotlin-stdlib-2.4.0.jar" [parent: kotlinforforge-neoforge-5.12.0.jar, locator: jarinjar]
[16:20:12] [main/INFO] (ModDiscoverer) Found library file "kotlin-reflect-2.4.0.jar" [parent: kotlinforforge-neoforge-5.12.0.jar, locator: jarinjar]
[16:20:12] [main/INFO] (ModDiscoverer) Found library file "kotlinx-coroutines-jdk8-1.11.0.jar" [parent: kotlinforforge-neoforge-5.12.0.jar, locator: jarinjar]
[16:20:12] [main/INFO] (ModDiscoverer) Found library file "kotlinx-serialization-json-jvm-1.11.0.jar" [parent: kotlinforforge-neoforge-5.12.0.jar, locator: jarinjar]
[16:20:12] [main/INFO] (ModDiscoverer) Found library file "kotlinx-coroutines-core-jvm-1.11.0.jar" [parent: kotlinforforge-neoforge-5.12.0.jar, locator: jarinjar]
[16:20:12] [main/INFO] (ModDiscoverer) Found library file "net.neoforged.neoforge-coremods-21.1.248.jar" [parent: neoforge-21.1.248-minecraft-merged-1.21.1-loom.mappings.1_21_1.layered+hash.40545-v2-neoforge-21.1.248.jar, locator: jarinjar, reader: mod manifest]
[16:20:12] [main/INFO] (ModDiscoverer) Found library file "kotlin-stdlib-jdk7-2.4.0.jar" [parent: kotlinforforge-neoforge-5.12.0.jar, locator: jarinjar]
[16:20:12] [main/INFO] (ModDiscoverer) Found library file "kotlin-stdlib-jdk8-2.4.0.jar" [parent: kotlinforforge-neoforge-5.12.0.jar, locator: jarinjar]
[16:20:12] [main/INFO] (ModDiscoverer) 
     Mod List:
		Name Version (Mod Id)

		Architectury 13.0.11 (architectury)
		Example Mod 1.0.0 (example_mod)
		generated_71a02f2 1 (generated_71a02f2)
		Kotlin For Forge 5.12.0 (kotlinforforge)
		Minecraft 1.21.1 (minecraft)
		NeoForge 21.1.248 (neoforge)
[16:20:13] [main/INFO] (mixin) Compatibility level set to JAVA_21
[16:20:13] [main/INFO] (LaunchServiceHandler) Launching target 'forgeclientdev' with arguments [--version, 21.1.248, --gameDir, ., --assetsDir, /home/alumi/.gradle/caches/fabric-loom/assets, --assetIndex, 1.21.1-17]
[16:20:13] [main/INFO] (unprotect) Found 8254 Minecraft classes
[16:20:13] [main/INFO] (MixinExtras|Service) Initializing MixinExtras via com.llamalad7.mixinextras.service.MixinExtrasServiceImpl(version=0.5.3).
[26Aug2026 16:20:15.754] [Datafixer Bootstrap/INFO] [com.mojang.datafixers.DataFixerBuilder/]: 229 Datafixer optimizations took 221 milliseconds
[26Aug2026 16:20:19.878] [main/WARN] [net.minecraft.commands.Commands/]: Ambiguity between arguments [teleport, location] and [teleport, destination] with inputs: [0.1 -0.5 .9, 0 0 0]
[26Aug2026 16:20:19.879] [main/WARN] [net.minecraft.commands.Commands/]: Ambiguity between arguments [teleport, location] and [teleport, targets] with inputs: [0.1 -0.5 .9, 0 0 0]
[26Aug2026 16:20:19.881] [main/WARN] [net.minecraft.commands.Commands/]: Ambiguity between arguments [teleport, destination] and [teleport, targets] with inputs: [Player, 0123, @e, dd12be42-52a9-4a91-a8a1-11c01849e498]
[26Aug2026 16:20:19.882] [main/WARN] [net.minecraft.commands.Commands/]: Ambiguity between arguments [teleport, targets] and [teleport, destination] with inputs: [Player, 0123, dd12be42-52a9-4a91-a8a1-11c01849e498]
[26Aug2026 16:20:19.883] [main/WARN] [net.minecraft.commands.Commands/]: Ambiguity between arguments [teleport, targets, location] and [teleport, targets, destination] with inputs: [0.1 -0.5 .9, 0 0 0]
[26Aug2026 16:20:19.994] [Render thread/WARN] [net.minecraft.server.packs.VanillaPackResourcesBuilder/]: Assets URL 'union:/home/alumi/.gradle/caches/fabric-loom/minecraftMaven/net/minecraft/neoforge-21.1.248-minecraft-merged/1.21.1-loom.mappings.1_21_1.layered+hash.40545-v2-neoforge-21.1.248/neoforge-21.1.248-minecraft-merged-1.21.1-loom.mappings.1_21_1.layered+hash.40545-v2-neoforge-21.1.248.jar%23184!/assets/.mcassetsroot' uses unexpected schema
[26Aug2026 16:20:19.994] [Render thread/WARN] [net.minecraft.server.packs.VanillaPackResourcesBuilder/]: Assets URL 'union:/home/alumi/.gradle/caches/fabric-loom/minecraftMaven/net/minecraft/neoforge-21.1.248-minecraft-merged/1.21.1-loom.mappings.1_21_1.layered+hash.40545-v2-neoforge-21.1.248/neoforge-21.1.248-minecraft-merged-1.21.1-loom.mappings.1_21_1.layered+hash.40545-v2-neoforge-21.1.248.jar%23184!/data/.mcassetsroot' uses unexpected schema
[26Aug2026 16:20:20.013] [Render thread/INFO] [com.mojang.authlib.yggdrasil.YggdrasilAuthenticationService/]: Environment: Environment[sessionHost=https://sessionserver.mojang.com, servicesHost=https://api.minecraftservices.com, name=PROD]
[26Aug2026 16:20:20.019] [Render thread/INFO] [net.minecraft.client.Minecraft/]: Setting user: Dev
[26Aug2026 16:20:20.065] [Render thread/INFO] [net.minecraft.client.Minecraft/]: Backend library: LWJGL version 3.3.3+5
[26Aug2026 16:20:20.197] [modloading-worker-0/INFO] [net.neoforged.neoforge.common.NeoForgeMod/NEOFORGE-MOD]: NeoForge mod loading, version 21.1.248, for MC 1.21.1
[26Aug2026 16:20:20.401] [modloading-worker-0/INFO] [thedarkcolour.kotlinforforge.neoforge.test.KotlinForForge/]: Kotlin For Forge Enabled!
[26Aug2026 16:20:20.878] [Render thread/INFO] [net.neoforged.neoforge.gametest.GameTestHooks/]: Enabled Gametest Namespaces: []
[26Aug2026 16:20:20.975] [Render thread/ERROR] [com.mojang.text2speech.Narrator/]: Error while loading the narrator
com.mojang.text2speech.Narrator$InitializeException: Failed to load library flite
	at MC-BOOTSTRAP/text2speech@1.17.9/com.mojang.text2speech.NarratorLinux$FliteLibrary.loadNative(NarratorLinux.java:69) ~[text2speech-1.17.9.jar%23154!/:?]
	at MC-BOOTSTRAP/text2speech@1.17.9/com.mojang.text2speech.NarratorLinux.<init>(NarratorLinux.java:18) ~[text2speech-1.17.9.jar%23154!/:?]
	at MC-BOOTSTRAP/text2speech@1.17.9/com.mojang.text2speech.Narrator.getNarrator(Narrator.java:41) [text2speech-1.17.9.jar%23154!/:?]
	at TRANSFORMER/minecraft@1.21.1/net.minecraft.client.GameNarrator.<init>(GameNarrator.java:21) [neoforge-21.1.248-minecraft-merged-1.21.1-loom.mappings.1_21_1.layered+hash.40545-v2-neoforge-21.1.248.jar%23184!/:?]
	at TRANSFORMER/minecraft@1.21.1/net.minecraft.client.Minecraft.<init>(Minecraft.java:609) [neoforge-21.1.248-minecraft-merged-1.21.1-loom.mappings.1_21_1.layered+hash.40545-v2-neoforge-21.1.248.jar%23184!/:?]
	at TRANSFORMER/minecraft@1.21.1/net.minecraft.client.main.Main.main(Main.java:214) [neoforge-21.1.248-minecraft-merged-1.21.1-loom.mappings.1_21_1.layered+hash.40545-v2-neoforge-21.1.248.jar%23184!/:?]
	at java.base/jdk.internal.reflect.DirectMethodHandleAccessor.invoke(DirectMethodHandleAccessor.java:104) ~[?:?]
	at java.base/java.lang.reflect.Method.invoke(Method.java:565) ~[?:?]
	at MC-BOOTSTRAP/fml_loader@4.0.43/net.neoforged.fml.loading.targets.CommonLaunchHandler.runTarget(CommonLaunchHandler.java:136) [loader-4.0.43.jar%2396!/:4.0]
	at MC-BOOTSTRAP/fml_loader@4.0.43/net.neoforged.fml.loading.targets.CommonLaunchHandler.clientService(CommonLaunchHandler.java:124) [loader-4.0.43.jar%2396!/:4.0]
	at MC-BOOTSTRAP/fml_loader@4.0.43/net.neoforged.fml.loading.targets.NeoForgeClientDevLaunchHandler.runService(NeoForgeClientDevLaunchHandler.java:23) [loader-4.0.43.jar%2396!/:4.0]
	at MC-BOOTSTRAP/fml_loader@4.0.43/net.neoforged.fml.loading.targets.CommonLaunchHandler.lambda$launchService$4(CommonLaunchHandler.java:118) [loader-4.0.43.jar%2396!/:4.0]
	at MC-BOOTSTRAP/cpw.mods.modlauncher@11.0.5/cpw.mods.modlauncher.LaunchServiceHandlerDecorator.launch(LaunchServiceHandlerDecorator.java:30) [modlauncher-11.0.5.jar%23101!/:?]
	at MC-BOOTSTRAP/cpw.mods.modlauncher@11.0.5/cpw.mods.modlauncher.LaunchServiceHandler.launch(LaunchServiceHandler.java:53) [modlauncher-11.0.5.jar%23101!/:?]
	at MC-BOOTSTRAP/cpw.mods.modlauncher@11.0.5/cpw.mods.modlauncher.LaunchServiceHandler.launch(LaunchServiceHandler.java:71) [modlauncher-11.0.5.jar%23101!/:?]
	at MC-BOOTSTRAP/cpw.mods.modlauncher@11.0.5/cpw.mods.modlauncher.Launcher.run(Launcher.java:103) [modlauncher-11.0.5.jar%23101!/:?]
	at MC-BOOTSTRAP/cpw.mods.modlauncher@11.0.5/cpw.mods.modlauncher.Launcher.main(Launcher.java:74) [modlauncher-11.0.5.jar%23101!/:?]
	at MC-BOOTSTRAP/cpw.mods.modlauncher@11.0.5/cpw.mods.modlauncher.BootstrapLaunchConsumer.accept(BootstrapLaunchConsumer.java:26) [modlauncher-11.0.5.jar%23101!/:?]
	at MC-BOOTSTRAP/cpw.mods.modlauncher@11.0.5/cpw.mods.modlauncher.BootstrapLaunchConsumer.accept(BootstrapLaunchConsumer.java:23) [modlauncher-11.0.5.jar%23101!/:?]
	at cpw.mods.bootstraplauncher.BootstrapLauncher.run(BootstrapLauncher.java:210) [bootstraplauncher-2.0.2.jar:?]
	at cpw.mods.bootstraplauncher.BootstrapLauncher.main(BootstrapLauncher.java:69) [bootstraplauncher-2.0.2.jar:?]
	at net.fabricmc.devlaunchinjector.Main.main(Main.java:86) [dev-launch-injector-0.2.1+build.8.jar:?]
	at dev.architectury.transformer.TransformerRuntime.main(TransformerRuntime.java:220) [architectury-transformer-5.2.91-runtime.jar:5.2.91]
Caused by: java.lang.UnsatisfiedLinkError: Unable to load library 'flite':
libflite.so: cannot open shared object file: No such file or directory
libflite.so: cannot open shared object file: No such file or directory
Native library (linux-x86-64/libflite.so) not found in resource path (/home/alumi/Projects/MinecraftModding/Fabric-Neoforge-1.21.1-Mod/neoforge/build/classes/java/main:/home/alumi/Projects/MinecraftModding/Fabric-Neoforge-1.21.1-Mod/neoforge/build/classes/kotlin/main:/home/alumi/Projects/MinecraftModding/Fabric-Neoforge-1.21.1-Mod/neoforge/build/resources/main:/home/alumi/.gradle/caches/fabric-loom/1.21.1/neoforge/21.1.248/client-extra.jar:/home/alumi/.gradle/caches/fabric-loom/1.21.1/loom.mappings.1_21_1.layered+hash.40545-v2-neoforge-21.1.248/mappings.jar:/home/alumi/.gradle/caches/modules-2/files-2.1/dev.architectury/architectury-transformer/5.2.91/3e457b0162b88609887db77e727f886fcee37f3a/architectury-transformer-5.2.91-agent.jar:/home/alumi/.gradle/caches/modules-2/files-2.1/dev.architectury/architectury-transformer/5.2.91/405782a5ff1efc672fb42d7c96c7bfd634500f7/architectury-transformer-5.2.91-runtime.jar:/home/alumi/Projects/MinecraftModding/Fabric-Neoforge-1.21.1-Mod/common/build/devlibs/example_mod-1.0.0-dev.jar:/home/alumi/.gradle/caches/modules-2/files-2.1/net.neoforged.fancymodloader/earlydisplay/4.0.43/3a941fcf258b5a7dde0445377a7206a55d11630d/earlydisplay-4.0.43.jar:/home/alumi/.gradle/caches/fabric-loom/forge/transformed-dependencies-v1/net/neoforged/fancymodloader/2c0715efc07bc96945c289ea0d33f19ddff7ccd13ff22c890f683f9b519012e0/loader/4.0.43/loader-4.0.43.jar:/home/alumi/.gradle/caches/modules-2/files-2.1/net.neoforged.accesstransformers/at-modlauncher/10.0.1/5aba50202aceead086bc09fbc2751c9f05cb4890/at-modlauncher-10.0.1.jar:/home/alumi/.gradle/caches/modules-2/files-2.1/net.neoforged/accesstransformers/10.0.1/fd83b5725f76eae9115e9355fa1c456a6a441400/accesstransformers-10.0.1.jar:/home/alumi/.gradle/caches/modules-2/files-2.1/net.neoforged/bus/8.0.5/5b2d33285ab5d1554e9798ad98c40d6ea3868bd5/bus-8.0.5.jar:/home/alumi/.gradle/caches/modules-2/files-2.1/net.neoforged/coremods/7.0.3/9147e6f638b4272b3bd5fc8f92ad37802512c6c/coremods-7.0.3.jar:/home/alumi/.gradle/caches/modules-2/files-2.1/cpw.mods/modlauncher/11.0.5/b8f0d49294f733fdb6173931b263553e943dc950/modlauncher-11.0.5.jar:/home/alumi/.gradle/caches/modules-2/files-2.1/net.neoforged/mergetool/2.0.0/52fe1949be64e3303aabaaa21e315f551db9c9f4/mergetool-2.0.0-api.jar:/home/alumi/.gradle/caches/modules-2/files-2.1/com.electronwill.night-config/toml/3.8.3/90b2fd6efcb4a7d5b9810cf78f9d824994d717f2/toml-3.8.3.jar:/home/alumi/.gradle/caches/modules-2/files-2.1/com.electronwill.night-config/core/3.8.3/b442a95f09e349927f5a945ecb594455870fcf4f/core-3.8.3.jar:/home/alumi/.gradle/caches/modules-2/files-2.1/net.neoforged/JarJarSelector/0.4.1/fb3cc7a58af22ad2880adb98af6d518128c47dae/JarJarSelector-0.4.1.jar:/home/alumi/.gradle/caches/modules-2/files-2.1/net.neoforged/JarJarMetadata/0.4.1/f8da03683dc81694556dc3e177c5e3bb77ae6fcb/JarJarMetadata-0.4.1.jar:/home/alumi/.gradle/caches/modules-2/files-2.1/org.apache.maven/maven-artifact/3.8.5/4433f50c07debefaed0553bd0068f4f48d449313/maven-artifact-3.8.5.jar:/home/alumi/.gradle/caches/modules-2/files-2.1/net.jodah/typetools/0.6.3/a01aaa6ddaea9ec07ec4f209487b7a46a526283a/typetools-0.6.3.jar:/home/alumi/.gradle/caches/modules-2/files-2.1/net.minecrell/terminalconsoleappender/1.3.0/b562e9bb61235c9520e26282cdee71f8f802d1fc/terminalconsoleappender-1.3.0.jar:/home/alumi/.gradle/caches/modules-2/files-2.1/net.fabricmc/sponge-mixin/0.15.2+mixin.0.8.7/2af2f021d8e02a0220dc27a7a72b4666d66d44ca/sponge-mixin-0.15.2+mixin.0.8.7.jar:/home/alumi/.gradle/caches/modules-2/files-2.1/org.openjdk.nashorn/nashorn-core/15.4/f67f5ffaa5f5130cf6fb9b133da00c7df3b532a5/nashorn-core-15.4.jar:/home/alumi/.gradle/caches/modules-2/files-2.1/org.apache.commons/commons-lang3/3.14.0/1ed471194b02f2c6cb734a0cd6f6f107c673afae/commons-lang3-3.14.0.jar:/home/alumi/.gradle/caches/modules-2/files-2.1/cpw.mods/bootstraplauncher/2.0.2/1a2d076cbc33b0520cbacd591224427b2a20047d/bootstraplauncher-2.0.2.jar:/home/alumi/.gradle/caches/modules-2/files-2.1/cpw.mods/securejarhandler/3.0.8/c0ef95cecd8699a0449053ac7d9c160748d902cd/securejarhandler-3.0.8.jar:/home/alumi/.gradle/caches/modules-2/files-2.1/org.ow2.asm/asm-commons/9.10.1/4229e4c55fd8e01c23f9fe9884075cc628aacc50/asm-commons-9.10.1.jar:/home/alumi/.gradle/caches/modules-2/files-2.1/org.ow2.asm/asm-util/9.10.1/7bb9d450e8d4cbf9f9e04096c44bbfe7fba80b15/asm-util-9.10.1.jar:/home/alumi/.gradle/caches/modules-2/files-2.1/org.ow2.asm/asm-analysis/9.10.1/8d49f14d51f632cb1d87c88d1ceaf50db0d8af1b/asm-analysis-9.10.1.jar:/home/alumi/.gradle/caches/modules-2/files-2.1/io.github.juuxel/unprotect-modlauncher/2.0.2/20d36922d7bb84c3185c213e935150584d6c7166/unprotect-modlauncher-2.0.2.jar:/home/alumi/.gradle/caches/modules-2/files-2.1/io.github.juuxel/unprotect/2.0.2/d79e894ec170237a02281b45e3203df6306675d6/unprotect-2.0.2.jar:/home/alumi/.gradle/caches/modules-2/files-2.1/org.ow2.asm/asm-tree/9.10.1/e244332a17564c1d1572449399a842de35881be2/asm-tree-9.10.1.jar:/home/alumi/.gradle/caches/modules-2/files-2.1/org.ow2.asm/asm/9.10.1/ada2141c0cc52ee8f5c48cd5fa4ce0e794f22236/asm-9.10.1.jar:/home/alumi/.gradle/caches/modules-2/files-2.1/net.neoforged/JarJarFileSystems/0.4.1/78f59f89defcd032ed788b151ca6a0d40ace796a/JarJarFileSystems-0.4.1.jar:/home/alumi/.gradle/caches/modules-2/files-2.1/io.github.llamalad7/mixinextras-neoforge/0.5.3/a0919957808de97707c5fb4ce073e66aeef3e187/mixinextras-neoforge-0.5.3.jar:/home/alumi/.gradle/caches/modules-2/files-2.1/net.sf.jopt-simple/jopt-simple/5.0.4/4fdac2fbe92dfad86aa6e9301736f6b4342a3f5c/jopt-simple-5.0.4.jar:/home/alumi/.gradle/caches/modules-2/files-2.1/com.mojang/logging/1.2.7/24cb95ffb0e3433fd6e844c04e68009e504ca1c0/logging-1.2.7.jar:/home/alumi/.gradle/caches/modules-2/files-2.1/org.apache.logging.log4j/log4j-slf4j2-impl/2.22.1/d7e6693c2606cb7e7335047d7bb96dec52db5665/log4j-slf4j2-impl-2.22.1.jar:/home/alumi/.gradle/caches/modules-2/files-2.1/com.machinezoo.noexception/noexception/1.7.1/b65330c98e38a1f915fa54a6e5eca496505e3f0a/noexception-1.7.1.jar:/home/alumi/.gradle/caches/modules-2/files-2.1/org.slf4j/slf4j-api/2.0.9/7cf2726fdcfbc8610f9a71fb3ed639871f315340/slf4j-api-2.0.9.jar:/home/alumi/.gradle/caches/modules-2/files-2.1/org.antlr/antlr4-runtime/4.13.1/17125bae1d965624e265ef49552f6465a2bfa307/antlr4-runtime-4.13.1.jar:/home/alumi/.gradle/caches/modules-2/files-2.1/org.apache.logging.log4j/log4j-core/2.22.1/7183a25510a02ad00cc6a95d3b3d2a7d3c5a8dc4/log4j-core-2.22.1.jar:/home/alumi/.gradle/caches/modules-2/files-2.1/org.apache.logging.log4j/log4j-api/2.22.1/bea6fede6328fabafd7e68363161a7ea6605abd1/log4j-api-2.22.1.jar:/home/alumi/.gradle/caches/modules-2/files-2.1/org.jline/jline-reader/3.20.0/8f15415b022a25b473e8e16c28ae913186ffb9c4/jline-reader-3.20.0.jar:/home/alumi/.gradle/caches/modules-2/files-2.1/org.jline/jline-terminal/3.20.0/d0ddcc708ddf527a3454c941b7b9225cc83a15ff/jline-terminal-3.20.0.jar:/home/alumi/.gradle/caches/modules-2/files-2.1/commons-io/commons-io/2.15.1/f11560da189ab563a5c8e351941415430e9304ea/commons-io-2.15.1.jar:/home/alumi/.gradle/caches/modules-2/files-2.1/net.minecraftforge/srgutils/0.4.15/ca408b131759478f164e010fae0d73997e125fb5/srgutils-0.4.15.jar:/home/alumi/.gradle/caches/modules-2/files-2.1/com.google.guava/guava/32.1.2-jre/5e64ec7e056456bef3a4bc4c6fdaef71e8ab6318/guava-32.1.2-jre.jar:/home/alumi/.gradle/caches/modules-2/files-2.1/com.google.guava/failureaccess/1.0.1/1dcf1de382a0bf95a3d8b0849546c88bac1292c9/failureaccess-1.0.1.jar:/home/alumi/.gradle/caches/modules-2/files-2.1/com.google.guava/listenablefuture/9999.0-empty-to-avoid-conflict-with-guava/b421526c5f297295adef1c886e5246c39d4ac629/listenablefuture-9999.0-empty-to-avoid-conflict-with-guava.jar:/home/alumi/.gradle/caches/modules-2/files-2.1/com.google.code.findbugs/jsr305/3.0.2/25ea2e8b0c338a877313bd4672d3fe056ea78f0d/jsr305-3.0.2.jar:/home/alumi/.gradle/caches/modules-2/files-2.1/org.checkerframework/checker-qual/3.33.0/de2b60b62da487644fc11f734e73c8b0b431238f/checker-qual-3.33.0.jar:/home/alumi/.gradle/caches/modules-2/files-2.1/com.google.errorprone/error_prone_annotations/2.18.0/89b684257096f548fa39a7df9fdaa409d4d4df91/error_prone_annotations-2.18.0.jar:/home/alumi/.gradle/caches/modules-2/files-2.1/com.google.j2objc/j2objc-annotations/2.8/c85270e307e7b822f1086b93689124b89768e273/j2objc-annotations-2.8.jar:/home/alumi/.gradle/caches/modules-2/files-2.1/com.google.code.gson/gson/2.10.1/b3add478d4382b78ea20b1671390a858002feb6c/gson-2.10.1.jar:/home/alumi/.gradle/caches/modules-2/files-2.1/org.codehaus.plexus/plexus-utils/3.3.0/cf43b5391de623b36fe066a21127baef82c64022/plexus-utils-3.3.0.jar:/home/alumi/.gradle/caches/modules-2/files-2.1/org.lwjgl/lwjgl-glfw/3.3.3/efa1eb78c5ccd840e9f329717109b5e892d72f8e/lwjgl-glfw-3.3.3.jar:/home/alumi/.gradle/caches/modules-2/files-2.1/org.lwjgl/lwjgl-glfw/3.3.3/a03684c5e4b1b1dbbe0d29dbbdc27b985b6840f2/lwjgl-glfw-3.3.3-natives-linux.jar:/home/alumi/.gradle/caches/modules-2/files-2.1/org.lwjgl/lwjgl-opengl/3.3.3/2f6b0147078396a58979125a4c947664e98293a/lwjgl-opengl-3.3.3.jar:/home/alumi/.gradle/caches/modules-2/files-2.1/org.lwjgl/lwjgl-opengl/3.3.3/62c70a4b00ca5391882b0f4b787c1588d24f1c86/lwjgl-opengl-3.3.3-natives-linux.jar:/home/alumi/.gradle/caches/modules-2/files-2.1/org.lwjgl/lwjgl-stb/3.3.3/25dd6161988d7e65f71d5065c99902402ee32746/lwjgl-stb-3.3.3.jar:/home/alumi/.gradle/caches/modules-2/files-2.1/org.lwjgl/lwjgl-stb/3.3.3/fd1271ccd9d85eff2fa31f3fd543e02ccfaf5041/lwjgl-stb-3.3.3-natives-linux.jar:/home/alumi/.gradle/caches/modules-2/files-2.1/org.lwjgl/lwjgl-tinyfd/3.3.3/82d755ca94b102e9ca77283b9e2dc46d1b15fbe5/lwjgl-tinyfd-3.3.3.jar:/home/alumi/.gradle/caches/modules-2/files-2.1/org.lwjgl/lwjgl-tinyfd/3.3.3/d8d58daa0c3e5fd906fee96f5fddbcbc07cc308b/lwjgl-tinyfd-3.3.3-natives-linux.jar:/home/alumi/.gradle/caches/modules-2/files-2.1/org.lwjgl/lwjgl/3.3.3/29589b5f87ed335a6c7e7ee6a5775f81f97ecb84/lwjgl-3.3.3.jar:/home/alumi/.gradle/caches/modules-2/files-2.1/org.lwjgl/lwjgl/3.3.3/1713758e3660ba66e1e954396fd18126038b33c0/lwjgl-3.3.3-natives-linux.jar:/home/alumi/.gradle/caches/modules-2/files-2.1/thedarkcolour/kotlinforforge-neoforge/5.12.0/7e95d23cf56cbeb15aba25b4677d2119e00af46d/kotlinforforge-neoforge-5.12.0.jar:/home/alumi/.gradle/caches/modules-2/files-2.1/net.fabricmc/dev-launch-injector/0.2.1+build.8/da8bef7e6e2f952da707f282bdb46882a0fce5e3/dev-launch-injector-0.2.1+build.8.jar:/home/alumi/.gradle/caches/modules-2/files-2.1/com.github.oshi/oshi-core/6.4.10/b1d8ab82d11d92fd639b56d639f8f46f739dd5fa/oshi-core-6.4.10.jar:/home/alumi/.gradle/caches/modules-2/files-2.1/com.ibm.icu/icu4j/73.2/61ad4ef7f9131fcf6d25c34b817f90d6da06c9e9/icu4j-73.2.jar:/home/alumi/.gradle/caches/modules-2/files-2.1/com.mojang/authlib/6.0.54/de8bc95660e1b2fe8793fd427a7a10dcec5b3ea7/authlib-6.0.54.jar:/home/alumi/.gradle/caches/modules-2/files-2.1/com.mojang/blocklist/1.0.10/5c685c5ffa94c4cd39496c7184c1d122e515ecef/blocklist-1.0.10.jar:/home/alumi/.gradle/caches/modules-2/files-2.1/com.mojang/brigadier/1.3.10/d15b53a14cf20fdcaa98f731af5dda654452c010/brigadier-1.3.10.jar:/home/alumi/.gradle/caches/modules-2/files-2.1/com.mojang/datafixerupper/8.0.16/67d4de6d7f95d89bcf5862995fb854ebaec02a34/datafixerupper-8.0.16.jar:/home/alumi/.gradle/caches/modules-2/files-2.1/com.mojang/patchy/2.2.10/da05971b07cbb379d002cf7eaec6a2048211fefc/patchy-2.2.10.jar:/home/alumi/.gradle/caches/modules-2/files-2.1/com.mojang/text2speech/1.17.9/3cad216e3a7f0c19b4b394388bc9ffc446f13b14/text2speech-1.17.9.jar:/home/alumi/.gradle/caches/modules-2/files-2.1/commons-codec/commons-codec/1.16.0/4e3eb3d79888d76b54e28b350915b5dc3919c9de/commons-codec-1.16.0.jar:/home/alumi/.gradle/caches/modules-2/files-2.1/commons-logging/commons-logging/1.2/4bfc12adfe4842bf07b657f0369c4cb522955686/commons-logging-1.2.jar:/home/alumi/.gradle/caches/modules-2/files-2.1/io.netty/netty-buffer/4.1.97.Final/f8f3d8644afa5e6e1a40a3a6aeb9d9aa970ecb4f/netty-buffer-4.1.97.Final.jar:/home/alumi/.gradle/caches/modules-2/files-2.1/io.netty/netty-codec/4.1.97.Final/384ba4d75670befbedb45c4d3b497a93639c206d/netty-codec-4.1.97.Final.jar:/home/alumi/.gradle/caches/modules-2/files-2.1/io.netty/netty-common/4.1.97.Final/7cceacaf11df8dc63f23d0fb58e9d4640fc88404/netty-common-4.1.97.Final.jar:/home/alumi/.gradle/caches/modules-2/files-2.1/io.netty/netty-handler/4.1.97.Final/abb86c6906bf512bf2b797a41cd7d2e8d3cd7c36/netty-handler-4.1.97.Final.jar:/home/alumi/.gradle/caches/modules-2/files-2.1/io.netty/netty-resolver/4.1.97.Final/cec8348108dc76c47cf87c669d514be52c922144/netty-resolver-4.1.97.Final.jar:/home/alumi/.gradle/caches/modules-2/files-2.1/io.netty/netty-transport-classes-epoll/4.1.97.Final/795da37ded759e862457a82d9d92c4d39ce8ecee/netty-transport-classes-epoll-4.1.97.Final.jar:/home/alumi/.gradle/caches/modules-2/files-2.1/io.netty/netty-transport-native-epoll/4.1.97.Final/5514744c588190ffda076b35a9b8c9f24946a960/netty-transport-native-epoll-4.1.97.Final-linux-aarch_64.jar:/home/alumi/.gradle/caches/modules-2/files-2.1/io.netty/netty-transport-native-epoll/4.1.97.Final/54188f271e388e7f313aea995e82f58ce2cdb809/netty-transport-native-epoll-4.1.97.Final-linux-x86_64.jar:/home/alumi/.gradle/caches/modules-2/files-2.1/io.netty/netty-transport-native-unix-common/4.1.97.Final/d469d84265ab70095b01b40886cabdd433b6e664/netty-transport-native-unix-common-4.1.97.Final.jar:/home/alumi/.gradle/caches/modules-2/files-2.1/io.netty/netty-transport/4.1.97.Final/f37380d23c9bb079bc702910833b2fd532c9abd0/netty-transport-4.1.97.Final.jar:/home/alumi/.gradle/caches/modules-2/files-2.1/it.unimi.dsi/fastutil/8.5.12/c24946d46824bd528054bface3231d2ecb7e95e8/fastutil-8.5.12.jar:/home/alumi/.gradle/caches/modules-2/files-2.1/net.java.dev.jna/jna-platform/5.14.0/28934d48aed814f11e4c584da55c49fa7032b31b/jna-platform-5.14.0.jar:/home/alumi/.gradle/caches/modules-2/files-2.1/net.java.dev.jna/jna/5.14.0/67bf3eaea4f0718cb376a181a629e5f88fa1c9dd/jna-5.14.0.jar:/home/alumi/.gradle/caches/modules-2/files-2.1/org.apache.commons/commons-compress/1.26.0/659feffdd12280201c8aacb8f7be94f9a883c824/commons-compress-1.26.0.jar:/home/alumi/.gradle/caches/modules-2/files-2.1/org.apache.httpcomponents/httpclient/4.5.13/e5f6cae5ca7ecaac1ec2827a9e2d65ae2869cada/httpclient-4.5.13.jar:/home/alumi/.gradle/caches/modules-2/files-2.1/org.apache.httpcomponents/httpcore/4.4.16/51cf043c87253c9f58b539c9f7e44c8894223850/httpcore-4.4.16.jar:/home/alumi/.gradle/caches/modules-2/files-2.1/org.jcraft/jorbis/0.0.17/8872d22b293e8f5d7d56ff92be966e6dc28ebdc6/jorbis-0.0.17.jar:/home/alumi/.gradle/caches/modules-2/files-2.1/org.joml/joml/1.10.5/22566d58af70ad3d72308bab63b8339906deb649/joml-1.10.5.jar:/home/alumi/.gradle/caches/modules-2/files-2.1/org.lwjgl/lwjgl-freetype/3.3.3/a0db6c84a8becc8ca05f9dbfa985edc348a824c7/lwjgl-freetype-3.3.3.jar:/home/alumi/.gradle/caches/modules-2/files-2.1/org.lwjgl/lwjgl-freetype/3.3.3/149070a5480900347071b7074779531f25a6e3dc/lwjgl-freetype-3.3.3-natives-linux.jar:/home/alumi/.gradle/caches/modules-2/files-2.1/org.lwjgl/lwjgl-jemalloc/3.3.3/b543467b7ff3c6920539a88ee602d34098628be5/lwjgl-jemalloc-3.3.3.jar:/home/alumi/.gradle/caches/modules-2/files-2.1/org.lwjgl/lwjgl-jemalloc/3.3.3/4f86728bf449b1dd61251c4e0ac01df1389cb51e/lwjgl-jemalloc-3.3.3-natives-linux.jar:/home/alumi/.gradle/caches/modules-2/files-2.1/org.lwjgl/lwjgl-openal/3.3.3/daada81ceb5fc0c291fbfdd4433cb8d9423577f2/lwjgl-openal-3.3.3.jar:/home/alumi/.gradle/caches/modules-2/files-2.1/org.lwjgl/lwjgl-openal/3.3.3/3037360cc4595079bea240af250b6d1a527e0905/lwjgl-openal-3.3.3-natives-linux.jar:/home/alumi/.gradle/caches/modules-2/files-2.1/org.lz4/lz4-java/1.8.0/4b986a99445e49ea5fbf5d149c4b63f6ed6c6780/lz4-java-1.8.0.jar:/home/alumi/.gradle/caches/fabric-loom/minecraftMaven/net/minecraft/neoforge-21.1.248-minecraft-merged/1.21.1-loom.mappings.1_21_1.layered+hash.40545-v2-neoforge-21.1.248/neoforge-21.1.248-minecraft-merged-1.21.1-loom.mappings.1_21_1.layered+hash.40545-v2-neoforge-21.1.248.jar:/home/alumi/Projects/MinecraftModding/Fabric-Neoforge-1.21.1-Mod/.gradle/loom-cache/remapped_mods/remapped/dev/architectury/architectury-neoforge-bd6068e4/13.0.11/architectury-neoforge-bd6068e4-13.0.11.jar:/home/alumi/.gradle/caches/modules-2/files-2.1/thedarkcolour/kfflang-neoforge/5.12.0/fe2a44ee01ffe868939dbaef15e15393e74980ee/kfflang-neoforge-5.12.0.jar:/home/alumi/.gradle/caches/modules-2/files-2.1/thedarkcolour/kfflib-neoforge/5.12.0/52db8b8da5234c47936758e9e0d1174a1723a371/kfflib-neoforge-5.12.0.jar:/home/alumi/.gradle/caches/modules-2/files-2.1/thedarkcolour/kffmod-neoforge/5.12.0/451bfb7562d1386cd5c8899815564543c6ec8d9d/kffmod-neoforge-5.12.0.jar:/home/alumi/.gradle/caches/modules-2/files-2.1/org.jetbrains.kotlin/kotlin-reflect/2.4.0/532cc727c0960d12f4c9acb6a6c2c4a3e08187b/kotlin-reflect-2.4.0.jar:/home/alumi/.gradle/caches/modules-2/files-2.1/org.jetbrains.kotlin/kotlin-stdlib-jdk8/2.4.0/ff44d8831b07b547fc0263e33304e876788d6f0d/kotlin-stdlib-jdk8-2.4.0.jar:/home/alumi/.gradle/caches/modules-2/files-2.1/org.jetbrains.kotlin/kotlin-stdlib-jdk7/2.4.0/65464dd63e7ab1b7cb29f2b2554971088deb50f3/kotlin-stdlib-jdk7-2.4.0.jar:/home/alumi/.gradle/caches/modules-2/files-2.1/org.jetbrains.kotlinx/kotlinx-coroutines-jdk8/1.11.0/e470357f495c20ec5bccc6b97d90f8291f7969f8/kotlinx-coroutines-jdk8-1.11.0.jar:/home/alumi/.gradle/caches/modules-2/files-2.1/org.jetbrains.kotlinx/kotlinx-coroutines-core-jvm/1.11.0/3d57dc678bd8d72a60e7adf0eca5c54e3f4f4b79/kotlinx-coroutines-core-jvm-1.11.0.jar:/home/alumi/.gradle/caches/modules-2/files-2.1/org.jetbrains.kotlinx/kotlinx-serialization-json-jvm/1.11.0/e7e045e99e56f07599bb9ccb708c2190e2af0606/kotlinx-serialization-json-jvm-1.11.0.jar:/home/alumi/.gradle/caches/modules-2/files-2.1/org.jetbrains.kotlinx/kotlinx-serialization-core-jvm/1.11.0/c1905c9bf7452b045d5af9248835abe64ddad6bf/kotlinx-serialization-core-jvm-1.11.0.jar:/home/alumi/.gradle/caches/modules-2/files-2.1/org.jetbrains.kotlin/kotlin-stdlib/2.4.0/4e9f4b531dce5c7dee58ed2de9a8b9a763c8dc6c/kotlin-stdlib-2.4.0.jar:/home/alumi/.gradle/caches/modules-2/files-2.1/org.jetbrains/annotations/23.0.0/8cc20c07506ec18e0834947b84a864bfc094484e/annotations-23.0.0.jar:/tmp/2848733509020848586.jar)
	at MC-BOOTSTRAP/com.sun.jna@5.14.0/com.sun.jna.NativeLibrary.loadLibrary(NativeLibrary.java:325) ~[jna-5.14.0.jar%23169!/:5.14.0 (b0)]
	at MC-BOOTSTRAP/com.sun.jna@5.14.0/com.sun.jna.NativeLibrary.getInstance(NativeLibrary.java:481) ~[jna-5.14.0.jar%23169!/:5.14.0 (b0)]
	at MC-BOOTSTRAP/com.sun.jna@5.14.0/com.sun.jna.NativeLibrary.getInstance(NativeLibrary.java:423) ~[jna-5.14.0.jar%23169!/:5.14.0 (b0)]
	at MC-BOOTSTRAP/text2speech@1.17.9/com.mojang.text2speech.NarratorLinux$FliteLibrary.loadNative(NarratorLinux.java:67) ~[text2speech-1.17.9.jar%23154!/:?]
	... 22 more
	Suppressed: java.lang.UnsatisfiedLinkError: libflite.so: cannot open shared object file: No such file or directory
		at MC-BOOTSTRAP/com.sun.jna@5.14.0/com.sun.jna.Native.open(Native Method) ~[jna-5.14.0.jar%23169!/:5.14.0 (b0)]
		at MC-BOOTSTRAP/com.sun.jna@5.14.0/com.sun.jna.NativeLibrary.loadLibrary(NativeLibrary.java:213) ~[jna-5.14.0.jar%23169!/:5.14.0 (b0)]
		at MC-BOOTSTRAP/com.sun.jna@5.14.0/com.sun.jna.NativeLibrary.getInstance(NativeLibrary.java:481) ~[jna-5.14.0.jar%23169!/:5.14.0 (b0)]
		at MC-BOOTSTRAP/com.sun.jna@5.14.0/com.sun.jna.NativeLibrary.getInstance(NativeLibrary.java:423) ~[jna-5.14.0.jar%23169!/:5.14.0 (b0)]
		at MC-BOOTSTRAP/text2speech@1.17.9/com.mojang.text2speech.NarratorLinux$FliteLibrary.loadNative(NarratorLinux.java:67) ~[text2speech-1.17.9.jar%23154!/:?]
		at MC-BOOTSTRAP/text2speech@1.17.9/com.mojang.text2speech.NarratorLinux.<init>(NarratorLinux.java:18) ~[text2speech-1.17.9.jar%23154!/:?]
		at MC-BOOTSTRAP/text2speech@1.17.9/com.mojang.text2speech.Narrator.getNarrator(Narrator.java:41) [text2speech-1.17.9.jar%23154!/:?]
		at TRANSFORMER/minecraft@1.21.1/net.minecraft.client.GameNarrator.<init>(GameNarrator.java:21) [neoforge-21.1.248-minecraft-merged-1.21.1-loom.mappings.1_21_1.layered+hash.40545-v2-neoforge-21.1.248.jar%23184!/:?]
		at TRANSFORMER/minecraft@1.21.1/net.minecraft.client.Minecraft.<init>(Minecraft.java:609) [neoforge-21.1.248-minecraft-merged-1.21.1-loom.mappings.1_21_1.layered+hash.40545-v2-neoforge-21.1.248.jar%23184!/:?]
		at TRANSFORMER/minecraft@1.21.1/net.minecraft.client.main.Main.main(Main.java:214) [neoforge-21.1.248-minecraft-merged-1.21.1-loom.mappings.1_21_1.layered+hash.40545-v2-neoforge-21.1.248.jar%23184!/:?]
		at java.base/jdk.internal.reflect.DirectMethodHandleAccessor.invoke(DirectMethodHandleAccessor.java:104) ~[?:?]
		at java.base/java.lang.reflect.Method.invoke(Method.java:565) ~[?:?]
		at MC-BOOTSTRAP/fml_loader@4.0.43/net.neoforged.fml.loading.targets.CommonLaunchHandler.runTarget(CommonLaunchHandler.java:136) [loader-4.0.43.jar%2396!/:4.0]
		at MC-BOOTSTRAP/fml_loader@4.0.43/net.neoforged.fml.loading.targets.CommonLaunchHandler.clientService(CommonLaunchHandler.java:124) [loader-4.0.43.jar%2396!/:4.0]
		at MC-BOOTSTRAP/fml_loader@4.0.43/net.neoforged.fml.loading.targets.NeoForgeClientDevLaunchHandler.runService(NeoForgeClientDevLaunchHandler.java:23) [loader-4.0.43.jar%2396!/:4.0]
		at MC-BOOTSTRAP/fml_loader@4.0.43/net.neoforged.fml.loading.targets.CommonLaunchHandler.lambda$launchService$4(CommonLaunchHandler.java:118) [loader-4.0.43.jar%2396!/:4.0]
		at MC-BOOTSTRAP/cpw.mods.modlauncher@11.0.5/cpw.mods.modlauncher.LaunchServiceHandlerDecorator.launch(LaunchServiceHandlerDecorator.java:30) [modlauncher-11.0.5.jar%23101!/:?]
		at MC-BOOTSTRAP/cpw.mods.modlauncher@11.0.5/cpw.mods.modlauncher.LaunchServiceHandler.launch(LaunchServiceHandler.java:53) [modlauncher-11.0.5.jar%23101!/:?]
		at MC-BOOTSTRAP/cpw.mods.modlauncher@11.0.5/cpw.mods.modlauncher.LaunchServiceHandler.launch(LaunchServiceHandler.java:71) [modlauncher-11.0.5.jar%23101!/:?]
		at MC-BOOTSTRAP/cpw.mods.modlauncher@11.0.5/cpw.mods.modlauncher.Launcher.run(Launcher.java:103) [modlauncher-11.0.5.jar%23101!/:?]
		at MC-BOOTSTRAP/cpw.mods.modlauncher@11.0.5/cpw.mods.modlauncher.Launcher.main(Launcher.java:74) [modlauncher-11.0.5.jar%23101!/:?]
		at MC-BOOTSTRAP/cpw.mods.modlauncher@11.0.5/cpw.mods.modlauncher.BootstrapLaunchConsumer.accept(BootstrapLaunchConsumer.java:26) [modlauncher-11.0.5.jar%23101!/:?]
		at MC-BOOTSTRAP/cpw.mods.modlauncher@11.0.5/cpw.mods.modlauncher.BootstrapLaunchConsumer.accept(BootstrapLaunchConsumer.java:23) [modlauncher-11.0.5.jar%23101!/:?]
		at cpw.mods.bootstraplauncher.BootstrapLauncher.run(BootstrapLauncher.java:210) [bootstraplauncher-2.0.2.jar:?]
		at cpw.mods.bootstraplauncher.BootstrapLauncher.main(BootstrapLauncher.java:69) [bootstraplauncher-2.0.2.jar:?]
		at net.fabricmc.devlaunchinjector.Main.main(Main.java:86) [dev-launch-injector-0.2.1+build.8.jar:?]
		at dev.architectury.transformer.TransformerRuntime.main(TransformerRuntime.java:220) [architectury-transformer-5.2.91-runtime.jar:5.2.91]
	Suppressed: java.lang.UnsatisfiedLinkError: libflite.so: cannot open shared object file: No such file or directory
		at MC-BOOTSTRAP/com.sun.jna@5.14.0/com.sun.jna.Native.open(Native Method) ~[jna-5.14.0.jar%23169!/:5.14.0 (b0)]
		at MC-BOOTSTRAP/com.sun.jna@5.14.0/com.sun.jna.NativeLibrary.loadLibrary(NativeLibrary.java:226) ~[jna-5.14.0.jar%23169!/:5.14.0 (b0)]
		at MC-BOOTSTRAP/com.sun.jna@5.14.0/com.sun.jna.NativeLibrary.getInstance(NativeLibrary.java:481) ~[jna-5.14.0.jar%23169!/:5.14.0 (b0)]
		at MC-BOOTSTRAP/com.sun.jna@5.14.0/com.sun.jna.NativeLibrary.getInstance(NativeLibrary.java:423) ~[jna-5.14.0.jar%23169!/:5.14.0 (b0)]
		at MC-BOOTSTRAP/text2speech@1.17.9/com.mojang.text2speech.NarratorLinux$FliteLibrary.loadNative(NarratorLinux.java:67) ~[text2speech-1.17.9.jar%23154!/:?]
		at MC-BOOTSTRAP/text2speech@1.17.9/com.mojang.text2speech.NarratorLinux.<init>(NarratorLinux.java:18) ~[text2speech-1.17.9.jar%23154!/:?]
		at MC-BOOTSTRAP/text2speech@1.17.9/com.mojang.text2speech.Narrator.getNarrator(Narrator.java:41) [text2speech-1.17.9.jar%23154!/:?]
		at TRANSFORMER/minecraft@1.21.1/net.minecraft.client.GameNarrator.<init>(GameNarrator.java:21) [neoforge-21.1.248-minecraft-merged-1.21.1-loom.mappings.1_21_1.layered+hash.40545-v2-neoforge-21.1.248.jar%23184!/:?]
		at TRANSFORMER/minecraft@1.21.1/net.minecraft.client.Minecraft.<init>(Minecraft.java:609) [neoforge-21.1.248-minecraft-merged-1.21.1-loom.mappings.1_21_1.layered+hash.40545-v2-neoforge-21.1.248.jar%23184!/:?]
		at TRANSFORMER/minecraft@1.21.1/net.minecraft.client.main.Main.main(Main.java:214) [neoforge-21.1.248-minecraft-merged-1.21.1-loom.mappings.1_21_1.layered+hash.40545-v2-neoforge-21.1.248.jar%23184!/:?]
		at java.base/jdk.internal.reflect.DirectMethodHandleAccessor.invoke(DirectMethodHandleAccessor.java:104) ~[?:?]
		at java.base/java.lang.reflect.Method.invoke(Method.java:565) ~[?:?]
		at MC-BOOTSTRAP/fml_loader@4.0.43/net.neoforged.fml.loading.targets.CommonLaunchHandler.runTarget(CommonLaunchHandler.java:136) [loader-4.0.43.jar%2396!/:4.0]
		at MC-BOOTSTRAP/fml_loader@4.0.43/net.neoforged.fml.loading.targets.CommonLaunchHandler.clientService(CommonLaunchHandler.java:124) [loader-4.0.43.jar%2396!/:4.0]
		at MC-BOOTSTRAP/fml_loader@4.0.43/net.neoforged.fml.loading.targets.NeoForgeClientDevLaunchHandler.runService(NeoForgeClientDevLaunchHandler.java:23) [loader-4.0.43.jar%2396!/:4.0]
		at MC-BOOTSTRAP/fml_loader@4.0.43/net.neoforged.fml.loading.targets.CommonLaunchHandler.lambda$launchService$4(CommonLaunchHandler.java:118) [loader-4.0.43.jar%2396!/:4.0]
		at MC-BOOTSTRAP/cpw.mods.modlauncher@11.0.5/cpw.mods.modlauncher.LaunchServiceHandlerDecorator.launch(LaunchServiceHandlerDecorator.java:30) [modlauncher-11.0.5.jar%23101!/:?]
		at MC-BOOTSTRAP/cpw.mods.modlauncher@11.0.5/cpw.mods.modlauncher.LaunchServiceHandler.launch(LaunchServiceHandler.java:53) [modlauncher-11.0.5.jar%23101!/:?]
		at MC-BOOTSTRAP/cpw.mods.modlauncher@11.0.5/cpw.mods.modlauncher.LaunchServiceHandler.launch(LaunchServiceHandler.java:71) [modlauncher-11.0.5.jar%23101!/:?]
		at MC-BOOTSTRAP/cpw.mods.modlauncher@11.0.5/cpw.mods.modlauncher.Launcher.run(Launcher.java:103) [modlauncher-11.0.5.jar%23101!/:?]
		at MC-BOOTSTRAP/cpw.mods.modlauncher@11.0.5/cpw.mods.modlauncher.Launcher.main(Launcher.java:74) [modlauncher-11.0.5.jar%23101!/:?]
		at MC-BOOTSTRAP/cpw.mods.modlauncher@11.0.5/cpw.mods.modlauncher.BootstrapLaunchConsumer.accept(BootstrapLaunchConsumer.java:26) [modlauncher-11.0.5.jar%23101!/:?]
		at MC-BOOTSTRAP/cpw.mods.modlauncher@11.0.5/cpw.mods.modlauncher.BootstrapLaunchConsumer.accept(BootstrapLaunchConsumer.java:23) [modlauncher-11.0.5.jar%23101!/:?]
		at cpw.mods.bootstraplauncher.BootstrapLauncher.run(BootstrapLauncher.java:210) [bootstraplauncher-2.0.2.jar:?]
		at cpw.mods.bootstraplauncher.BootstrapLauncher.main(BootstrapLauncher.java:69) [bootstraplauncher-2.0.2.jar:?]
		at net.fabricmc.devlaunchinjector.Main.main(Main.java:86) [dev-launch-injector-0.2.1+build.8.jar:?]
		at dev.architectury.transformer.TransformerRuntime.main(TransformerRuntime.java:220) [architectury-transformer-5.2.91-runtime.jar:5.2.91]
	Suppressed: java.io.IOException: Native library (linux-x86-64/libflite.so) not found in resource path (/home/alumi/Projects/MinecraftModding/Fabric-Neoforge-1.21.1-Mod/neoforge/build/classes/java/main:/home/alumi/Projects/MinecraftModding/Fabric-Neoforge-1.21.1-Mod/neoforge/build/classes/kotlin/main:/home/alumi/Projects/MinecraftModding/Fabric-Neoforge-1.21.1-Mod/neoforge/build/resources/main:/home/alumi/.gradle/caches/fabric-loom/1.21.1/neoforge/21.1.248/client-extra.jar:/home/alumi/.gradle/caches/fabric-loom/1.21.1/loom.mappings.1_21_1.layered+hash.40545-v2-neoforge-21.1.248/mappings.jar:/home/alumi/.gradle/caches/modules-2/files-2.1/dev.architectury/architectury-transformer/5.2.91/3e457b0162b88609887db77e727f886fcee37f3a/architectury-transformer-5.2.91-agent.jar:/home/alumi/.gradle/caches/modules-2/files-2.1/dev.architectury/architectury-transformer/5.2.91/405782a5ff1efc672fb42d7c96c7bfd634500f7/architectury-transformer-5.2.91-runtime.jar:/home/alumi/Projects/MinecraftModding/Fabric-Neoforge-1.21.1-Mod/common/build/devlibs/example_mod-1.0.0-dev.jar:/home/alumi/.gradle/caches/modules-2/files-2.1/net.neoforged.fancymodloader/earlydisplay/4.0.43/3a941fcf258b5a7dde0445377a7206a55d11630d/earlydisplay-4.0.43.jar:/home/alumi/.gradle/caches/fabric-loom/forge/transformed-dependencies-v1/net/neoforged/fancymodloader/2c0715efc07bc96945c289ea0d33f19ddff7ccd13ff22c890f683f9b519012e0/loader/4.0.43/loader-4.0.43.jar:/home/alumi/.gradle/caches/modules-2/files-2.1/net.neoforged.accesstransformers/at-modlauncher/10.0.1/5aba50202aceead086bc09fbc2751c9f05cb4890/at-modlauncher-10.0.1.jar:/home/alumi/.gradle/caches/modules-2/files-2.1/net.neoforged/accesstransformers/10.0.1/fd83b5725f76eae9115e9355fa1c456a6a441400/accesstransformers-10.0.1.jar:/home/alumi/.gradle/caches/modules-2/files-2.1/net.neoforged/bus/8.0.5/5b2d33285ab5d1554e9798ad98c40d6ea3868bd5/bus-8.0.5.jar:/home/alumi/.gradle/caches/modules-2/files-2.1/net.neoforged/coremods/7.0.3/9147e6f638b4272b3bd5fc8f92ad37802512c6c/coremods-7.0.3.jar:/home/alumi/.gradle/caches/modules-2/files-2.1/cpw.mods/modlauncher/11.0.5/b8f0d49294f733fdb6173931b263553e943dc950/modlauncher-11.0.5.jar:/home/alumi/.gradle/caches/modules-2/files-2.1/net.neoforged/mergetool/2.0.0/52fe1949be64e3303aabaaa21e315f551db9c9f4/mergetool-2.0.0-api.jar:/home/alumi/.gradle/caches/modules-2/files-2.1/com.electronwill.night-config/toml/3.8.3/90b2fd6efcb4a7d5b9810cf78f9d824994d717f2/toml-3.8.3.jar:/home/alumi/.gradle/caches/modules-2/files-2.1/com.electronwill.night-config/core/3.8.3/b442a95f09e349927f5a945ecb594455870fcf4f/core-3.8.3.jar:/home/alumi/.gradle/caches/modules-2/files-2.1/net.neoforged/JarJarSelector/0.4.1/fb3cc7a58af22ad2880adb98af6d518128c47dae/JarJarSelector-0.4.1.jar:/home/alumi/.gradle/caches/modules-2/files-2.1/net.neoforged/JarJarMetadata/0.4.1/f8da03683dc81694556dc3e177c5e3bb77ae6fcb/JarJarMetadata-0.4.1.jar:/home/alumi/.gradle/caches/modules-2/files-2.1/org.apache.maven/maven-artifact/3.8.5/4433f50c07debefaed0553bd0068f4f48d449313/maven-artifact-3.8.5.jar:/home/alumi/.gradle/caches/modules-2/files-2.1/net.jodah/typetools/0.6.3/a01aaa6ddaea9ec07ec4f209487b7a46a526283a/typetools-0.6.3.jar:/home/alumi/.gradle/caches/modules-2/files-2.1/net.minecrell/terminalconsoleappender/1.3.0/b562e9bb61235c9520e26282cdee71f8f802d1fc/terminalconsoleappender-1.3.0.jar:/home/alumi/.gradle/caches/modules-2/files-2.1/net.fabricmc/sponge-mixin/0.15.2+mixin.0.8.7/2af2f021d8e02a0220dc27a7a72b4666d66d44ca/sponge-mixin-0.15.2+mixin.0.8.7.jar:/home/alumi/.gradle/caches/modules-2/files-2.1/org.openjdk.nashorn/nashorn-core/15.4/f67f5ffaa5f5130cf6fb9b133da00c7df3b532a5/nashorn-core-15.4.jar:/home/alumi/.gradle/caches/modules-2/files-2.1/org.apache.commons/commons-lang3/3.14.0/1ed471194b02f2c6cb734a0cd6f6f107c673afae/commons-lang3-3.14.0.jar:/home/alumi/.gradle/caches/modules-2/files-2.1/cpw.mods/bootstraplauncher/2.0.2/1a2d076cbc33b0520cbacd591224427b2a20047d/bootstraplauncher-2.0.2.jar:/home/alumi/.gradle/caches/modules-2/files-2.1/cpw.mods/securejarhandler/3.0.8/c0ef95cecd8699a0449053ac7d9c160748d902cd/securejarhandler-3.0.8.jar:/home/alumi/.gradle/caches/modules-2/files-2.1/org.ow2.asm/asm-commons/9.10.1/4229e4c55fd8e01c23f9fe9884075cc628aacc50/asm-commons-9.10.1.jar:/home/alumi/.gradle/caches/modules-2/files-2.1/org.ow2.asm/asm-util/9.10.1/7bb9d450e8d4cbf9f9e04096c44bbfe7fba80b15/asm-util-9.10.1.jar:/home/alumi/.gradle/caches/modules-2/files-2.1/org.ow2.asm/asm-analysis/9.10.1/8d49f14d51f632cb1d87c88d1ceaf50db0d8af1b/asm-analysis-9.10.1.jar:/home/alumi/.gradle/caches/modules-2/files-2.1/io.github.juuxel/unprotect-modlauncher/2.0.2/20d36922d7bb84c3185c213e935150584d6c7166/unprotect-modlauncher-2.0.2.jar:/home/alumi/.gradle/caches/modules-2/files-2.1/io.github.juuxel/unprotect/2.0.2/d79e894ec170237a02281b45e3203df6306675d6/unprotect-2.0.2.jar:/home/alumi/.gradle/caches/modules-2/files-2.1/org.ow2.asm/asm-tree/9.10.1/e244332a17564c1d1572449399a842de35881be2/asm-tree-9.10.1.jar:/home/alumi/.gradle/caches/modules-2/files-2.1/org.ow2.asm/asm/9.10.1/ada2141c0cc52ee8f5c48cd5fa4ce0e794f22236/asm-9.10.1.jar:/home/alumi/.gradle/caches/modules-2/files-2.1/net.neoforged/JarJarFileSystems/0.4.1/78f59f89defcd032ed788b151ca6a0d40ace796a/JarJarFileSystems-0.4.1.jar:/home/alumi/.gradle/caches/modules-2/files-2.1/io.github.llamalad7/mixinextras-neoforge/0.5.3/a0919957808de97707c5fb4ce073e66aeef3e187/mixinextras-neoforge-0.5.3.jar:/home/alumi/.gradle/caches/modules-2/files-2.1/net.sf.jopt-simple/jopt-simple/5.0.4/4fdac2fbe92dfad86aa6e9301736f6b4342a3f5c/jopt-simple-5.0.4.jar:/home/alumi/.gradle/caches/modules-2/files-2.1/com.mojang/logging/1.2.7/24cb95ffb0e3433fd6e844c04e68009e504ca1c0/logging-1.2.7.jar:/home/alumi/.gradle/caches/modules-2/files-2.1/org.apache.logging.log4j/log4j-slf4j2-impl/2.22.1/d7e6693c2606cb7e7335047d7bb96dec52db5665/log4j-slf4j2-impl-2.22.1.jar:/home/alumi/.gradle/caches/modules-2/files-2.1/com.machinezoo.noexception/noexception/1.7.1/b65330c98e38a1f915fa54a6e5eca496505e3f0a/noexception-1.7.1.jar:/home/alumi/.gradle/caches/modules-2/files-2.1/org.slf4j/slf4j-api/2.0.9/7cf2726fdcfbc8610f9a71fb3ed639871f315340/slf4j-api-2.0.9.jar:/home/alumi/.gradle/caches/modules-2/files-2.1/org.antlr/antlr4-runtime/4.13.1/17125bae1d965624e265ef49552f6465a2bfa307/antlr4-runtime-4.13.1.jar:/home/alumi/.gradle/caches/modules-2/files-2.1/org.apache.logging.log4j/log4j-core/2.22.1/7183a25510a02ad00cc6a95d3b3d2a7d3c5a8dc4/log4j-core-2.22.1.jar:/home/alumi/.gradle/caches/modules-2/files-2.1/org.apache.logging.log4j/log4j-api/2.22.1/bea6fede6328fabafd7e68363161a7ea6605abd1/log4j-api-2.22.1.jar:/home/alumi/.gradle/caches/modules-2/files-2.1/org.jline/jline-reader/3.20.0/8f15415b022a25b473e8e16c28ae913186ffb9c4/jline-reader-3.20.0.jar:/home/alumi/.gradle/caches/modules-2/files-2.1/org.jline/jline-terminal/3.20.0/d0ddcc708ddf527a3454c941b7b9225cc83a15ff/jline-terminal-3.20.0.jar:/home/alumi/.gradle/caches/modules-2/files-2.1/commons-io/commons-io/2.15.1/f11560da189ab563a5c8e351941415430e9304ea/commons-io-2.15.1.jar:/home/alumi/.gradle/caches/modules-2/files-2.1/net.minecraftforge/srgutils/0.4.15/ca408b131759478f164e010fae0d73997e125fb5/srgutils-0.4.15.jar:/home/alumi/.gradle/caches/modules-2/files-2.1/com.google.guava/guava/32.1.2-jre/5e64ec7e056456bef3a4bc4c6fdaef71e8ab6318/guava-32.1.2-jre.jar:/home/alumi/.gradle/caches/modules-2/files-2.1/com.google.guava/failureaccess/1.0.1/1dcf1de382a0bf95a3d8b0849546c88bac1292c9/failureaccess-1.0.1.jar:/home/alumi/.gradle/caches/modules-2/files-2.1/com.google.guava/listenablefuture/9999.0-empty-to-avoid-conflict-with-guava/b421526c5f297295adef1c886e5246c39d4ac629/listenablefuture-9999.0-empty-to-avoid-conflict-with-guava.jar:/home/alumi/.gradle/caches/modules-2/files-2.1/com.google.code.findbugs/jsr305/3.0.2/25ea2e8b0c338a877313bd4672d3fe056ea78f0d/jsr305-3.0.2.jar:/home/alumi/.gradle/caches/modules-2/files-2.1/org.checkerframework/checker-qual/3.33.0/de2b60b62da487644fc11f734e73c8b0b431238f/checker-qual-3.33.0.jar:/home/alumi/.gradle/caches/modules-2/files-2.1/com.google.errorprone/error_prone_annotations/2.18.0/89b684257096f548fa39a7df9fdaa409d4d4df91/error_prone_annotations-2.18.0.jar:/home/alumi/.gradle/caches/modules-2/files-2.1/com.google.j2objc/j2objc-annotations/2.8/c85270e307e7b822f1086b93689124b89768e273/j2objc-annotations-2.8.jar:/home/alumi/.gradle/caches/modules-2/files-2.1/com.google.code.gson/gson/2.10.1/b3add478d4382b78ea20b1671390a858002feb6c/gson-2.10.1.jar:/home/alumi/.gradle/caches/modules-2/files-2.1/org.codehaus.plexus/plexus-utils/3.3.0/cf43b5391de623b36fe066a21127baef82c64022/plexus-utils-3.3.0.jar:/home/alumi/.gradle/caches/modules-2/files-2.1/org.lwjgl/lwjgl-glfw/3.3.3/efa1eb78c5ccd840e9f329717109b5e892d72f8e/lwjgl-glfw-3.3.3.jar:/home/alumi/.gradle/caches/modules-2/files-2.1/org.lwjgl/lwjgl-glfw/3.3.3/a03684c5e4b1b1dbbe0d29dbbdc27b985b6840f2/lwjgl-glfw-3.3.3-natives-linux.jar:/home/alumi/.gradle/caches/modules-2/files-2.1/org.lwjgl/lwjgl-opengl/3.3.3/2f6b0147078396a58979125a4c947664e98293a/lwjgl-opengl-3.3.3.jar:/home/alumi/.gradle/caches/modules-2/files-2.1/org.lwjgl/lwjgl-opengl/3.3.3/62c70a4b00ca5391882b0f4b787c1588d24f1c86/lwjgl-opengl-3.3.3-natives-linux.jar:/home/alumi/.gradle/caches/modules-2/files-2.1/org.lwjgl/lwjgl-stb/3.3.3/25dd6161988d7e65f71d5065c99902402ee32746/lwjgl-stb-3.3.3.jar:/home/alumi/.gradle/caches/modules-2/files-2.1/org.lwjgl/lwjgl-stb/3.3.3/fd1271ccd9d85eff2fa31f3fd543e02ccfaf5041/lwjgl-stb-3.3.3-natives-linux.jar:/home/alumi/.gradle/caches/modules-2/files-2.1/org.lwjgl/lwjgl-tinyfd/3.3.3/82d755ca94b102e9ca77283b9e2dc46d1b15fbe5/lwjgl-tinyfd-3.3.3.jar:/home/alumi/.gradle/caches/modules-2/files-2.1/org.lwjgl/lwjgl-tinyfd/3.3.3/d8d58daa0c3e5fd906fee96f5fddbcbc07cc308b/lwjgl-tinyfd-3.3.3-natives-linux.jar:/home/alumi/.gradle/caches/modules-2/files-2.1/org.lwjgl/lwjgl/3.3.3/29589b5f87ed335a6c7e7ee6a5775f81f97ecb84/lwjgl-3.3.3.jar:/home/alumi/.gradle/caches/modules-2/files-2.1/org.lwjgl/lwjgl/3.3.3/1713758e3660ba66e1e954396fd18126038b33c0/lwjgl-3.3.3-natives-linux.jar:/home/alumi/.gradle/caches/modules-2/files-2.1/thedarkcolour/kotlinforforge-neoforge/5.12.0/7e95d23cf56cbeb15aba25b4677d2119e00af46d/kotlinforforge-neoforge-5.12.0.jar:/home/alumi/.gradle/caches/modules-2/files-2.1/net.fabricmc/dev-launch-injector/0.2.1+build.8/da8bef7e6e2f952da707f282bdb46882a0fce5e3/dev-launch-injector-0.2.1+build.8.jar:/home/alumi/.gradle/caches/modules-2/files-2.1/com.github.oshi/oshi-core/6.4.10/b1d8ab82d11d92fd639b56d639f8f46f739dd5fa/oshi-core-6.4.10.jar:/home/alumi/.gradle/caches/modules-2/files-2.1/com.ibm.icu/icu4j/73.2/61ad4ef7f9131fcf6d25c34b817f90d6da06c9e9/icu4j-73.2.jar:/home/alumi/.gradle/caches/modules-2/files-2.1/com.mojang/authlib/6.0.54/de8bc95660e1b2fe8793fd427a7a10dcec5b3ea7/authlib-6.0.54.jar:/home/alumi/.gradle/caches/modules-2/files-2.1/com.mojang/blocklist/1.0.10/5c685c5ffa94c4cd39496c7184c1d122e515ecef/blocklist-1.0.10.jar:/home/alumi/.gradle/caches/modules-2/files-2.1/com.mojang/brigadier/1.3.10/d15b53a14cf20fdcaa98f731af5dda654452c010/brigadier-1.3.10.jar:/home/alumi/.gradle/caches/modules-2/files-2.1/com.mojang/datafixerupper/8.0.16/67d4de6d7f95d89bcf5862995fb854ebaec02a34/datafixerupper-8.0.16.jar:/home/alumi/.gradle/caches/modules-2/files-2.1/com.mojang/patchy/2.2.10/da05971b07cbb379d002cf7eaec6a2048211fefc/patchy-2.2.10.jar:/home/alumi/.gradle/caches/modules-2/files-2.1/com.mojang/text2speech/1.17.9/3cad216e3a7f0c19b4b394388bc9ffc446f13b14/text2speech-1.17.9.jar:/home/alumi/.gradle/caches/modules-2/files-2.1/commons-codec/commons-codec/1.16.0/4e3eb3d79888d76b54e28b350915b5dc3919c9de/commons-codec-1.16.0.jar:/home/alumi/.gradle/caches/modules-2/files-2.1/commons-logging/commons-logging/1.2/4bfc12adfe4842bf07b657f0369c4cb522955686/commons-logging-1.2.jar:/home/alumi/.gradle/caches/modules-2/files-2.1/io.netty/netty-buffer/4.1.97.Final/f8f3d8644afa5e6e1a40a3a6aeb9d9aa970ecb4f/netty-buffer-4.1.97.Final.jar:/home/alumi/.gradle/caches/modules-2/files-2.1/io.netty/netty-codec/4.1.97.Final/384ba4d75670befbedb45c4d3b497a93639c206d/netty-codec-4.1.97.Final.jar:/home/alumi/.gradle/caches/modules-2/files-2.1/io.netty/netty-common/4.1.97.Final/7cceacaf11df8dc63f23d0fb58e9d4640fc88404/netty-common-4.1.97.Final.jar:/home/alumi/.gradle/caches/modules-2/files-2.1/io.netty/netty-handler/4.1.97.Final/abb86c6906bf512bf2b797a41cd7d2e8d3cd7c36/netty-handler-4.1.97.Final.jar:/home/alumi/.gradle/caches/modules-2/files-2.1/io.netty/netty-resolver/4.1.97.Final/cec8348108dc76c47cf87c669d514be52c922144/netty-resolver-4.1.97.Final.jar:/home/alumi/.gradle/caches/modules-2/files-2.1/io.netty/netty-transport-classes-epoll/4.1.97.Final/795da37ded759e862457a82d9d92c4d39ce8ecee/netty-transport-classes-epoll-4.1.97.Final.jar:/home/alumi/.gradle/caches/modules-2/files-2.1/io.netty/netty-transport-native-epoll/4.1.97.Final/5514744c588190ffda076b35a9b8c9f24946a960/netty-transport-native-epoll-4.1.97.Final-linux-aarch_64.jar:/home/alumi/.gradle/caches/modules-2/files-2.1/io.netty/netty-transport-native-epoll/4.1.97.Final/54188f271e388e7f313aea995e82f58ce2cdb809/netty-transport-native-epoll-4.1.97.Final-linux-x86_64.jar:/home/alumi/.gradle/caches/modules-2/files-2.1/io.netty/netty-transport-native-unix-common/4.1.97.Final/d469d84265ab70095b01b40886cabdd433b6e664/netty-transport-native-unix-common-4.1.97.Final.jar:/home/alumi/.gradle/caches/modules-2/files-2.1/io.netty/netty-transport/4.1.97.Final/f37380d23c9bb079bc702910833b2fd532c9abd0/netty-transport-4.1.97.Final.jar:/home/alumi/.gradle/caches/modules-2/files-2.1/it.unimi.dsi/fastutil/8.5.12/c24946d46824bd528054bface3231d2ecb7e95e8/fastutil-8.5.12.jar:/home/alumi/.gradle/caches/modules-2/files-2.1/net.java.dev.jna/jna-platform/5.14.0/28934d48aed814f11e4c584da55c49fa7032b31b/jna-platform-5.14.0.jar:/home/alumi/.gradle/caches/modules-2/files-2.1/net.java.dev.jna/jna/5.14.0/67bf3eaea4f0718cb376a181a629e5f88fa1c9dd/jna-5.14.0.jar:/home/alumi/.gradle/caches/modules-2/files-2.1/org.apache.commons/commons-compress/1.26.0/659feffdd12280201c8aacb8f7be94f9a883c824/commons-compress-1.26.0.jar:/home/alumi/.gradle/caches/modules-2/files-2.1/org.apache.httpcomponents/httpclient/4.5.13/e5f6cae5ca7ecaac1ec2827a9e2d65ae2869cada/httpclient-4.5.13.jar:/home/alumi/.gradle/caches/modules-2/files-2.1/org.apache.httpcomponents/httpcore/4.4.16/51cf043c87253c9f58b539c9f7e44c8894223850/httpcore-4.4.16.jar:/home/alumi/.gradle/caches/modules-2/files-2.1/org.jcraft/jorbis/0.0.17/8872d22b293e8f5d7d56ff92be966e6dc28ebdc6/jorbis-0.0.17.jar:/home/alumi/.gradle/caches/modules-2/files-2.1/org.joml/joml/1.10.5/22566d58af70ad3d72308bab63b8339906deb649/joml-1.10.5.jar:/home/alumi/.gradle/caches/modules-2/files-2.1/org.lwjgl/lwjgl-freetype/3.3.3/a0db6c84a8becc8ca05f9dbfa985edc348a824c7/lwjgl-freetype-3.3.3.jar:/home/alumi/.gradle/caches/modules-2/files-2.1/org.lwjgl/lwjgl-freetype/3.3.3/149070a5480900347071b7074779531f25a6e3dc/lwjgl-freetype-3.3.3-natives-linux.jar:/home/alumi/.gradle/caches/modules-2/files-2.1/org.lwjgl/lwjgl-jemalloc/3.3.3/b543467b7ff3c6920539a88ee602d34098628be5/lwjgl-jemalloc-3.3.3.jar:/home/alumi/.gradle/caches/modules-2/files-2.1/org.lwjgl/lwjgl-jemalloc/3.3.3/4f86728bf449b1dd61251c4e0ac01df1389cb51e/lwjgl-jemalloc-3.3.3-natives-linux.jar:/home/alumi/.gradle/caches/modules-2/files-2.1/org.lwjgl/lwjgl-openal/3.3.3/daada81ceb5fc0c291fbfdd4433cb8d9423577f2/lwjgl-openal-3.3.3.jar:/home/alumi/.gradle/caches/modules-2/files-2.1/org.lwjgl/lwjgl-openal/3.3.3/3037360cc4595079bea240af250b6d1a527e0905/lwjgl-openal-3.3.3-natives-linux.jar:/home/alumi/.gradle/caches/modules-2/files-2.1/org.lz4/lz4-java/1.8.0/4b986a99445e49ea5fbf5d149c4b63f6ed6c6780/lz4-java-1.8.0.jar:/home/alumi/.gradle/caches/fabric-loom/minecraftMaven/net/minecraft/neoforge-21.1.248-minecraft-merged/1.21.1-loom.mappings.1_21_1.layered+hash.40545-v2-neoforge-21.1.248/neoforge-21.1.248-minecraft-merged-1.21.1-loom.mappings.1_21_1.layered+hash.40545-v2-neoforge-21.1.248.jar:/home/alumi/Projects/MinecraftModding/Fabric-Neoforge-1.21.1-Mod/.gradle/loom-cache/remapped_mods/remapped/dev/architectury/architectury-neoforge-bd6068e4/13.0.11/architectury-neoforge-bd6068e4-13.0.11.jar:/home/alumi/.gradle/caches/modules-2/files-2.1/thedarkcolour/kfflang-neoforge/5.12.0/fe2a44ee01ffe868939dbaef15e15393e74980ee/kfflang-neoforge-5.12.0.jar:/home/alumi/.gradle/caches/modules-2/files-2.1/thedarkcolour/kfflib-neoforge/5.12.0/52db8b8da5234c47936758e9e0d1174a1723a371/kfflib-neoforge-5.12.0.jar:/home/alumi/.gradle/caches/modules-2/files-2.1/thedarkcolour/kffmod-neoforge/5.12.0/451bfb7562d1386cd5c8899815564543c6ec8d9d/kffmod-neoforge-5.12.0.jar:/home/alumi/.gradle/caches/modules-2/files-2.1/org.jetbrains.kotlin/kotlin-reflect/2.4.0/532cc727c0960d12f4c9acb6a6c2c4a3e08187b/kotlin-reflect-2.4.0.jar:/home/alumi/.gradle/caches/modules-2/files-2.1/org.jetbrains.kotlin/kotlin-stdlib-jdk8/2.4.0/ff44d8831b07b547fc0263e33304e876788d6f0d/kotlin-stdlib-jdk8-2.4.0.jar:/home/alumi/.gradle/caches/modules-2/files-2.1/org.jetbrains.kotlin/kotlin-stdlib-jdk7/2.4.0/65464dd63e7ab1b7cb29f2b2554971088deb50f3/kotlin-stdlib-jdk7-2.4.0.jar:/home/alumi/.gradle/caches/modules-2/files-2.1/org.jetbrains.kotlinx/kotlinx-coroutines-jdk8/1.11.0/e470357f495c20ec5bccc6b97d90f8291f7969f8/kotlinx-coroutines-jdk8-1.11.0.jar:/home/alumi/.gradle/caches/modules-2/files-2.1/org.jetbrains.kotlinx/kotlinx-coroutines-core-jvm/1.11.0/3d57dc678bd8d72a60e7adf0eca5c54e3f4f4b79/kotlinx-coroutines-core-jvm-1.11.0.jar:/home/alumi/.gradle/caches/modules-2/files-2.1/org.jetbrains.kotlinx/kotlinx-serialization-json-jvm/1.11.0/e7e045e99e56f07599bb9ccb708c2190e2af0606/kotlinx-serialization-json-jvm-1.11.0.jar:/home/alumi/.gradle/caches/modules-2/files-2.1/org.jetbrains.kotlinx/kotlinx-serialization-core-jvm/1.11.0/c1905c9bf7452b045d5af9248835abe64ddad6bf/kotlinx-serialization-core-jvm-1.11.0.jar:/home/alumi/.gradle/caches/modules-2/files-2.1/org.jetbrains.kotlin/kotlin-stdlib/2.4.0/4e9f4b531dce5c7dee58ed2de9a8b9a763c8dc6c/kotlin-stdlib-2.4.0.jar:/home/alumi/.gradle/caches/modules-2/files-2.1/org.jetbrains/annotations/23.0.0/8cc20c07506ec18e0834947b84a864bfc094484e/annotations-23.0.0.jar:/tmp/2848733509020848586.jar)
		at MC-BOOTSTRAP/com.sun.jna@5.14.0/com.sun.jna.Native.extractFromResourcePath(Native.java:1141) ~[jna-5.14.0.jar%23169!/:5.14.0 (b0)]
		at MC-BOOTSTRAP/com.sun.jna@5.14.0/com.sun.jna.NativeLibrary.loadLibrary(NativeLibrary.java:297) ~[jna-5.14.0.jar%23169!/:5.14.0 (b0)]
		at MC-BOOTSTRAP/com.sun.jna@5.14.0/com.sun.jna.NativeLibrary.getInstance(NativeLibrary.java:481) ~[jna-5.14.0.jar%23169!/:5.14.0 (b0)]
		at MC-BOOTSTRAP/com.sun.jna@5.14.0/com.sun.jna.NativeLibrary.getInstance(NativeLibrary.java:423) ~[jna-5.14.0.jar%23169!/:5.14.0 (b0)]
		at MC-BOOTSTRAP/text2speech@1.17.9/com.mojang.text2speech.NarratorLinux$FliteLibrary.loadNative(NarratorLinux.java:67) ~[text2speech-1.17.9.jar%23154!/:?]
		at MC-BOOTSTRAP/text2speech@1.17.9/com.mojang.text2speech.NarratorLinux.<init>(NarratorLinux.java:18) ~[text2speech-1.17.9.jar%23154!/:?]
		at MC-BOOTSTRAP/text2speech@1.17.9/com.mojang.text2speech.Narrator.getNarrator(Narrator.java:41) [text2speech-1.17.9.jar%23154!/:?]
		at TRANSFORMER/minecraft@1.21.1/net.minecraft.client.GameNarrator.<init>(GameNarrator.java:21) [neoforge-21.1.248-minecraft-merged-1.21.1-loom.mappings.1_21_1.layered+hash.40545-v2-neoforge-21.1.248.jar%23184!/:?]
		at TRANSFORMER/minecraft@1.21.1/net.minecraft.client.Minecraft.<init>(Minecraft.java:609) [neoforge-21.1.248-minecraft-merged-1.21.1-loom.mappings.1_21_1.layered+hash.40545-v2-neoforge-21.1.248.jar%23184!/:?]
		at TRANSFORMER/minecraft@1.21.1/net.minecraft.client.main.Main.main(Main.java:214) [neoforge-21.1.248-minecraft-merged-1.21.1-loom.mappings.1_21_1.layered+hash.40545-v2-neoforge-21.1.248.jar%23184!/:?]
		at java.base/jdk.internal.reflect.DirectMethodHandleAccessor.invoke(DirectMethodHandleAccessor.java:104) ~[?:?]
		at java.base/java.lang.reflect.Method.invoke(Method.java:565) ~[?:?]
		at MC-BOOTSTRAP/fml_loader@4.0.43/net.neoforged.fml.loading.targets.CommonLaunchHandler.runTarget(CommonLaunchHandler.java:136) [loader-4.0.43.jar%2396!/:4.0]
		at MC-BOOTSTRAP/fml_loader@4.0.43/net.neoforged.fml.loading.targets.CommonLaunchHandler.clientService(CommonLaunchHandler.java:124) [loader-4.0.43.jar%2396!/:4.0]
		at MC-BOOTSTRAP/fml_loader@4.0.43/net.neoforged.fml.loading.targets.NeoForgeClientDevLaunchHandler.runService(NeoForgeClientDevLaunchHandler.java:23) [loader-4.0.43.jar%2396!/:4.0]
		at MC-BOOTSTRAP/fml_loader@4.0.43/net.neoforged.fml.loading.targets.CommonLaunchHandler.lambda$launchService$4(CommonLaunchHandler.java:118) [loader-4.0.43.jar%2396!/:4.0]
		at MC-BOOTSTRAP/cpw.mods.modlauncher@11.0.5/cpw.mods.modlauncher.LaunchServiceHandlerDecorator.launch(LaunchServiceHandlerDecorator.java:30) [modlauncher-11.0.5.jar%23101!/:?]
		at MC-BOOTSTRAP/cpw.mods.modlauncher@11.0.5/cpw.mods.modlauncher.LaunchServiceHandler.launch(LaunchServiceHandler.java:53) [modlauncher-11.0.5.jar%23101!/:?]
		at MC-BOOTSTRAP/cpw.mods.modlauncher@11.0.5/cpw.mods.modlauncher.LaunchServiceHandler.launch(LaunchServiceHandler.java:71) [modlauncher-11.0.5.jar%23101!/:?]
		at MC-BOOTSTRAP/cpw.mods.modlauncher@11.0.5/cpw.mods.modlauncher.Launcher.run(Launcher.java:103) [modlauncher-11.0.5.jar%23101!/:?]
		at MC-BOOTSTRAP/cpw.mods.modlauncher@11.0.5/cpw.mods.modlauncher.Launcher.main(Launcher.java:74) [modlauncher-11.0.5.jar%23101!/:?]
		at MC-BOOTSTRAP/cpw.mods.modlauncher@11.0.5/cpw.mods.modlauncher.BootstrapLaunchConsumer.accept(BootstrapLaunchConsumer.java:26) [modlauncher-11.0.5.jar%23101!/:?]
		at MC-BOOTSTRAP/cpw.mods.modlauncher@11.0.5/cpw.mods.modlauncher.BootstrapLaunchConsumer.accept(BootstrapLaunchConsumer.java:23) [modlauncher-11.0.5.jar%23101!/:?]
		at cpw.mods.bootstraplauncher.BootstrapLauncher.run(BootstrapLauncher.java:210) [bootstraplauncher-2.0.2.jar:?]
		at cpw.mods.bootstraplauncher.BootstrapLauncher.main(BootstrapLauncher.java:69) [bootstraplauncher-2.0.2.jar:?]
		at net.fabricmc.devlaunchinjector.Main.main(Main.java:86) [dev-launch-injector-0.2.1+build.8.jar:?]
		at dev.architectury.transformer.TransformerRuntime.main(TransformerRuntime.java:220) [architectury-transformer-5.2.91-runtime.jar:5.2.91]
[26Aug2026 16:20:20.995] [Render thread/INFO] [net.minecraft.server.packs.resources.ReloadableResourceManager/]: Reloading ResourceManager: vanilla, mod_resources, mod/kotlinforforge, mod/generated_71a02f2, mod/architectury, mod/example_mod, mod/neoforge
[26Aug2026 16:20:21.077] [Worker-Main-9/INFO] [net.minecraft.client.gui.font.providers.UnihexProvider/]: Found unifont_all_no_pua-15.1.05.hex, loading
[26Aug2026 16:20:21.094] [Worker-Main-4/INFO] [net.minecraft.client.gui.font.providers.UnihexProvider/]: Found unifont_jp_patch-15.1.05.hex, loading
[26Aug2026 16:20:22.449] [Render thread/WARN] [net.minecraft.client.sounds.SoundEngine/]: Missing sound for event: minecraft:item.goat_horn.play
[26Aug2026 16:20:22.449] [Render thread/WARN] [net.minecraft.client.sounds.SoundEngine/]: Missing sound for event: minecraft:entity.goat.screaming.horn_break
[26Aug2026 16:20:22.499] [Render thread/INFO] [com.mojang.blaze3d.audio.Library/]: OpenAL initialized on device 500 Series Chipset Family HD Audio Headphones
[26Aug2026 16:20:22.500] [Render thread/INFO] [net.minecraft.client.sounds.SoundEngine/SOUNDS]: Sound engine started
[26Aug2026 16:20:22.653] [Render thread/INFO] [net.minecraft.client.renderer.texture.TextureAtlas/]: Created: 1024x512x4 minecraft:textures/atlas/blocks.png-atlas
[26Aug2026 16:20:22.661] [Render thread/INFO] [net.minecraft.client.renderer.texture.TextureAtlas/]: Created: 256x256x4 minecraft:textures/atlas/signs.png-atlas
[26Aug2026 16:20:22.661] [Render thread/INFO] [net.minecraft.client.renderer.texture.TextureAtlas/]: Created: 512x512x4 minecraft:textures/atlas/banner_patterns.png-atlas
[26Aug2026 16:20:22.662] [Render thread/INFO] [net.minecraft.client.renderer.texture.TextureAtlas/]: Created: 512x512x4 minecraft:textures/atlas/shield_patterns.png-atlas
[26Aug2026 16:20:22.662] [Render thread/INFO] [net.minecraft.client.renderer.texture.TextureAtlas/]: Created: 1024x1024x4 minecraft:textures/atlas/armor_trims.png-atlas
[26Aug2026 16:20:22.665] [Render thread/INFO] [net.minecraft.client.renderer.texture.TextureAtlas/]: Created: 256x256x4 minecraft:textures/atlas/chest.png-atlas
[26Aug2026 16:20:22.665] [Render thread/INFO] [net.minecraft.client.renderer.texture.TextureAtlas/]: Created: 128x64x4 minecraft:textures/atlas/decorated_pot.png-atlas
[26Aug2026 16:20:22.665] [Render thread/INFO] [net.minecraft.client.renderer.texture.TextureAtlas/]: Created: 512x256x4 minecraft:textures/atlas/beds.png-atlas
[26Aug2026 16:20:22.665] [Render thread/INFO] [net.minecraft.client.renderer.texture.TextureAtlas/]: Created: 512x256x4 minecraft:textures/atlas/shulker_boxes.png-atlas
[26Aug2026 16:20:22.813] [Render thread/INFO] [net.minecraft.client.renderer.texture.TextureAtlas/]: Created: 512x256x0 minecraft:textures/atlas/particles.png-atlas
[26Aug2026 16:20:22.815] [Render thread/INFO] [net.minecraft.client.renderer.texture.TextureAtlas/]: Created: 512x256x0 minecraft:textures/atlas/paintings.png-atlas
[26Aug2026 16:20:22.815] [Render thread/INFO] [net.minecraft.client.renderer.texture.TextureAtlas/]: Created: 256x128x0 minecraft:textures/atlas/mob_effects.png-atlas
[26Aug2026 16:20:22.815] [Render thread/INFO] [net.minecraft.client.renderer.texture.TextureAtlas/]: Created: 64x64x0 minecraft:textures/atlas/map_decorations.png-atlas
[26Aug2026 16:20:22.815] [Render thread/INFO] [net.minecraft.client.renderer.texture.TextureAtlas/]: Created: 1024x512x0 minecraft:textures/atlas/gui.png-atlas
[26Aug2026 16:20:22.830] [Render thread/WARN] [net.minecraft.client.renderer.ShaderInstance/]: Shader rendertype_entity_translucent_emissive could not find sampler named Sampler2 in the specified shader program.
[26Aug2026 16:20:22.885] [Render thread/INFO] [net.neoforged.neoforge.client.entity.animation.json.AnimationLoader/]: Loaded 0 entity animations
[26Aug2026 16:20:26.077] [Render thread/ERROR] [com.mojang.text2speech.Narrator/]: Error while loading the narrator
com.mojang.text2speech.Narrator$InitializeException: Failed to load library flite
	at MC-BOOTSTRAP/text2speech@1.17.9/com.mojang.text2speech.NarratorLinux$FliteLibrary.loadNative(NarratorLinux.java:69) ~[text2speech-1.17.9.jar%23154!/:?]
	at MC-BOOTSTRAP/text2speech@1.17.9/com.mojang.text2speech.NarratorLinux.<init>(NarratorLinux.java:18) ~[text2speech-1.17.9.jar%23154!/:?]
	at MC-BOOTSTRAP/text2speech@1.17.9/com.mojang.text2speech.Narrator.getNarrator(Narrator.java:41) [text2speech-1.17.9.jar%23154!/:?]
	at TRANSFORMER/minecraft@1.21.1/net.minecraft.client.gui.screens.AccessibilityOnboardingScreen.close(AccessibilityOnboardingScreen.java:106) [neoforge-21.1.248-minecraft-merged-1.21.1-loom.mappings.1_21_1.layered+hash.40545-v2-neoforge-21.1.248.jar%23184!/:?]
	at TRANSFORMER/minecraft@1.21.1/net.minecraft.client.gui.screens.AccessibilityOnboardingScreen.onClose(AccessibilityOnboardingScreen.java:95) [neoforge-21.1.248-minecraft-merged-1.21.1-loom.mappings.1_21_1.layered+hash.40545-v2-neoforge-21.1.248.jar%23184!/:?]
	at TRANSFORMER/minecraft@1.21.1/net.minecraft.client.gui.screens.AccessibilityOnboardingScreen.method_48639(AccessibilityOnboardingScreen.java:66) [neoforge-21.1.248-minecraft-merged-1.21.1-loom.mappings.1_21_1.layered+hash.40545-v2-neoforge-21.1.248.jar%23184!/:?]
	at TRANSFORMER/minecraft@1.21.1/net.minecraft.client.gui.components.Button.onPress(Button.java:41) [neoforge-21.1.248-minecraft-merged-1.21.1-loom.mappings.1_21_1.layered+hash.40545-v2-neoforge-21.1.248.jar%23184!/:?]
	at TRANSFORMER/minecraft@1.21.1/net.minecraft.client.gui.components.AbstractButton.onClick(AbstractButton.java:47) [neoforge-21.1.248-minecraft-merged-1.21.1-loom.mappings.1_21_1.layered+hash.40545-v2-neoforge-21.1.248.jar%23184!/:?]
	at TRANSFORMER/neoforge@21.1.248/net.neoforged.neoforge.client.extensions.IAbstractWidgetExtension.onClick(IAbstractWidgetExtension.java:36) [neoforge-21.1.248-minecraft-merged-1.21.1-loom.mappings.1_21_1.layered+hash.40545-v2-neoforge-21.1.248.jar%23185!/:?]
	at TRANSFORMER/minecraft@1.21.1/net.minecraft.client.gui.components.AbstractWidget.mouseClicked(AbstractWidget.java:144) [neoforge-21.1.248-minecraft-merged-1.21.1-loom.mappings.1_21_1.layered+hash.40545-v2-neoforge-21.1.248.jar%23184!/:?]
	at TRANSFORMER/minecraft@1.21.1/net.minecraft.client.gui.components.events.ContainerEventHandler.mouseClicked(ContainerEventHandler.java:38) [neoforge-21.1.248-minecraft-merged-1.21.1-loom.mappings.1_21_1.layered+hash.40545-v2-neoforge-21.1.248.jar%23184!/:?]
	at TRANSFORMER/minecraft@1.21.1/net.minecraft.client.MouseHandler.method_1611(MouseHandler.java:98) [neoforge-21.1.248-minecraft-merged-1.21.1-loom.mappings.1_21_1.layered+hash.40545-v2-neoforge-21.1.248.jar%23184!/:?]
	at TRANSFORMER/minecraft@1.21.1/net.minecraft.client.gui.screens.Screen.wrapScreenError(Screen.java:451) [neoforge-21.1.248-minecraft-merged-1.21.1-loom.mappings.1_21_1.layered+hash.40545-v2-neoforge-21.1.248.jar%23184!/:?]
	at TRANSFORMER/minecraft@1.21.1/net.minecraft.client.MouseHandler.onPress(MouseHandler.java:95) [neoforge-21.1.248-minecraft-merged-1.21.1-loom.mappings.1_21_1.layered+hash.40545-v2-neoforge-21.1.248.jar%23184!/:?]
	at TRANSFORMER/minecraft@1.21.1/net.minecraft.client.MouseHandler.method_22686(MouseHandler.java:202) [neoforge-21.1.248-minecraft-merged-1.21.1-loom.mappings.1_21_1.layered+hash.40545-v2-neoforge-21.1.248.jar%23184!/:?]
	at TRANSFORMER/minecraft@1.21.1/net.minecraft.util.thread.BlockableEventLoop.execute(BlockableEventLoop.java:98) [neoforge-21.1.248-minecraft-merged-1.21.1-loom.mappings.1_21_1.layered+hash.40545-v2-neoforge-21.1.248.jar%23184!/:?]
	at TRANSFORMER/minecraft@1.21.1/net.minecraft.client.MouseHandler.method_22684(MouseHandler.java:202) [neoforge-21.1.248-minecraft-merged-1.21.1-loom.mappings.1_21_1.layered+hash.40545-v2-neoforge-21.1.248.jar%23184!/:?]
	at MC-BOOTSTRAP/org.lwjgl.glfw@3.3.3+5/org.lwjgl.glfw.GLFWMouseButtonCallbackI.callback(GLFWMouseButtonCallbackI.java:43) [lwjgl-glfw-3.3.3.jar%23137!/:build 5]
	at MC-BOOTSTRAP/org.lwjgl@3.3.3+5/org.lwjgl.system.JNI.invokeV(Native Method) [lwjgl-3.3.3.jar%23145!/:build 5]
	at MC-BOOTSTRAP/org.lwjgl.glfw@3.3.3+5/org.lwjgl.glfw.GLFW.glfwWaitEventsTimeout(GLFW.java:3509) [lwjgl-glfw-3.3.3.jar%23137!/:build 5]
	at TRANSFORMER/minecraft@1.21.1/com.mojang.blaze3d.systems.RenderSystem.limitDisplayFPS(RenderSystem.java:162) [neoforge-21.1.248-minecraft-merged-1.21.1-loom.mappings.1_21_1.layered+hash.40545-v2-neoforge-21.1.248.jar%23184!/:?]
	at TRANSFORMER/minecraft@1.21.1/net.minecraft.client.Minecraft.runTick(Minecraft.java:1220) [neoforge-21.1.248-minecraft-merged-1.21.1-loom.mappings.1_21_1.layered+hash.40545-v2-neoforge-21.1.248.jar%23184!/:?]
	at TRANSFORMER/minecraft@1.21.1/net.minecraft.client.Minecraft.run(Minecraft.java:807) [neoforge-21.1.248-minecraft-merged-1.21.1-loom.mappings.1_21_1.layered+hash.40545-v2-neoforge-21.1.248.jar%23184!/:?]
	at TRANSFORMER/minecraft@1.21.1/net.minecraft.client.main.Main.main(Main.java:230) [neoforge-21.1.248-minecraft-merged-1.21.1-loom.mappings.1_21_1.layered+hash.40545-v2-neoforge-21.1.248.jar%23184!/:?]
	at java.base/jdk.internal.reflect.DirectMethodHandleAccessor.invoke(DirectMethodHandleAccessor.java:104) ~[?:?]
	at java.base/java.lang.reflect.Method.invoke(Method.java:565) ~[?:?]
	at MC-BOOTSTRAP/fml_loader@4.0.43/net.neoforged.fml.loading.targets.CommonLaunchHandler.runTarget(CommonLaunchHandler.java:136) [loader-4.0.43.jar%2396!/:4.0]
	at MC-BOOTSTRAP/fml_loader@4.0.43/net.neoforged.fml.loading.targets.CommonLaunchHandler.clientService(CommonLaunchHandler.java:124) [loader-4.0.43.jar%2396!/:4.0]
	at MC-BOOTSTRAP/fml_loader@4.0.43/net.neoforged.fml.loading.targets.NeoForgeClientDevLaunchHandler.runService(NeoForgeClientDevLaunchHandler.java:23) [loader-4.0.43.jar%2396!/:4.0]
	at MC-BOOTSTRAP/fml_loader@4.0.43/net.neoforged.fml.loading.targets.CommonLaunchHandler.lambda$launchService$4(CommonLaunchHandler.java:118) [loader-4.0.43.jar%2396!/:4.0]
	at MC-BOOTSTRAP/cpw.mods.modlauncher@11.0.5/cpw.mods.modlauncher.LaunchServiceHandlerDecorator.launch(LaunchServiceHandlerDecorator.java:30) [modlauncher-11.0.5.jar%23101!/:?]
	at MC-BOOTSTRAP/cpw.mods.modlauncher@11.0.5/cpw.mods.modlauncher.LaunchServiceHandler.launch(LaunchServiceHandler.java:53) [modlauncher-11.0.5.jar%23101!/:?]
	at MC-BOOTSTRAP/cpw.mods.modlauncher@11.0.5/cpw.mods.modlauncher.LaunchServiceHandler.launch(LaunchServiceHandler.java:71) [modlauncher-11.0.5.jar%23101!/:?]
	at MC-BOOTSTRAP/cpw.mods.modlauncher@11.0.5/cpw.mods.modlauncher.Launcher.run(Launcher.java:103) [modlauncher-11.0.5.jar%23101!/:?]
	at MC-BOOTSTRAP/cpw.mods.modlauncher@11.0.5/cpw.mods.modlauncher.Launcher.main(Launcher.java:74) [modlauncher-11.0.5.jar%23101!/:?]
	at MC-BOOTSTRAP/cpw.mods.modlauncher@11.0.5/cpw.mods.modlauncher.BootstrapLaunchConsumer.accept(BootstrapLaunchConsumer.java:26) [modlauncher-11.0.5.jar%23101!/:?]
	at MC-BOOTSTRAP/cpw.mods.modlauncher@11.0.5/cpw.mods.modlauncher.BootstrapLaunchConsumer.accept(BootstrapLaunchConsumer.java:23) [modlauncher-11.0.5.jar%23101!/:?]
	at cpw.mods.bootstraplauncher.BootstrapLauncher.run(BootstrapLauncher.java:210) [bootstraplauncher-2.0.2.jar:?]
	at cpw.mods.bootstraplauncher.BootstrapLauncher.main(BootstrapLauncher.java:69) [bootstraplauncher-2.0.2.jar:?]
	at net.fabricmc.devlaunchinjector.Main.main(Main.java:86) [dev-launch-injector-0.2.1+build.8.jar:?]
	at dev.architectury.transformer.TransformerRuntime.main(TransformerRuntime.java:220) [architectury-transformer-5.2.91-runtime.jar:5.2.91]
Caused by: java.lang.UnsatisfiedLinkError: Unable to load library 'flite':
libflite.so: cannot open shared object file: No such file or directory
libflite.so: cannot open shared object file: No such file or directory
Native library (linux-x86-64/libflite.so) not found in resource path (/home/alumi/Projects/MinecraftModding/Fabric-Neoforge-1.21.1-Mod/neoforge/build/classes/java/main:/home/alumi/Projects/MinecraftModding/Fabric-Neoforge-1.21.1-Mod/neoforge/build/classes/kotlin/main:/home/alumi/Projects/MinecraftModding/Fabric-Neoforge-1.21.1-Mod/neoforge/build/resources/main:/home/alumi/.gradle/caches/fabric-loom/1.21.1/neoforge/21.1.248/client-extra.jar:/home/alumi/.gradle/caches/fabric-loom/1.21.1/loom.mappings.1_21_1.layered+hash.40545-v2-neoforge-21.1.248/mappings.jar:/home/alumi/.gradle/caches/modules-2/files-2.1/dev.architectury/architectury-transformer/5.2.91/3e457b0162b88609887db77e727f886fcee37f3a/architectury-transformer-5.2.91-agent.jar:/home/alumi/.gradle/caches/modules-2/files-2.1/dev.architectury/architectury-transformer/5.2.91/405782a5ff1efc672fb42d7c96c7bfd634500f7/architectury-transformer-5.2.91-runtime.jar:/home/alumi/Projects/MinecraftModding/Fabric-Neoforge-1.21.1-Mod/common/build/devlibs/example_mod-1.0.0-dev.jar:/home/alumi/.gradle/caches/modules-2/files-2.1/net.neoforged.fancymodloader/earlydisplay/4.0.43/3a941fcf258b5a7dde0445377a7206a55d11630d/earlydisplay-4.0.43.jar:/home/alumi/.gradle/caches/fabric-loom/forge/transformed-dependencies-v1/net/neoforged/fancymodloader/2c0715efc07bc96945c289ea0d33f19ddff7ccd13ff22c890f683f9b519012e0/loader/4.0.43/loader-4.0.43.jar:/home/alumi/.gradle/caches/modules-2/files-2.1/net.neoforged.accesstransformers/at-modlauncher/10.0.1/5aba50202aceead086bc09fbc2751c9f05cb4890/at-modlauncher-10.0.1.jar:/home/alumi/.gradle/caches/modules-2/files-2.1/net.neoforged/accesstransformers/10.0.1/fd83b5725f76eae9115e9355fa1c456a6a441400/accesstransformers-10.0.1.jar:/home/alumi/.gradle/caches/modules-2/files-2.1/net.neoforged/bus/8.0.5/5b2d33285ab5d1554e9798ad98c40d6ea3868bd5/bus-8.0.5.jar:/home/alumi/.gradle/caches/modules-2/files-2.1/net.neoforged/coremods/7.0.3/9147e6f638b4272b3bd5fc8f92ad37802512c6c/coremods-7.0.3.jar:/home/alumi/.gradle/caches/modules-2/files-2.1/cpw.mods/modlauncher/11.0.5/b8f0d49294f733fdb6173931b263553e943dc950/modlauncher-11.0.5.jar:/home/alumi/.gradle/caches/modules-2/files-2.1/net.neoforged/mergetool/2.0.0/52fe1949be64e3303aabaaa21e315f551db9c9f4/mergetool-2.0.0-api.jar:/home/alumi/.gradle/caches/modules-2/files-2.1/com.electronwill.night-config/toml/3.8.3/90b2fd6efcb4a7d5b9810cf78f9d824994d717f2/toml-3.8.3.jar:/home/alumi/.gradle/caches/modules-2/files-2.1/com.electronwill.night-config/core/3.8.3/b442a95f09e349927f5a945ecb594455870fcf4f/core-3.8.3.jar:/home/alumi/.gradle/caches/modules-2/files-2.1/net.neoforged/JarJarSelector/0.4.1/fb3cc7a58af22ad2880adb98af6d518128c47dae/JarJarSelector-0.4.1.jar:/home/alumi/.gradle/caches/modules-2/files-2.1/net.neoforged/JarJarMetadata/0.4.1/f8da03683dc81694556dc3e177c5e3bb77ae6fcb/JarJarMetadata-0.4.1.jar:/home/alumi/.gradle/caches/modules-2/files-2.1/org.apache.maven/maven-artifact/3.8.5/4433f50c07debefaed0553bd0068f4f48d449313/maven-artifact-3.8.5.jar:/home/alumi/.gradle/caches/modules-2/files-2.1/net.jodah/typetools/0.6.3/a01aaa6ddaea9ec07ec4f209487b7a46a526283a/typetools-0.6.3.jar:/home/alumi/.gradle/caches/modules-2/files-2.1/net.minecrell/terminalconsoleappender/1.3.0/b562e9bb61235c9520e26282cdee71f8f802d1fc/terminalconsoleappender-1.3.0.jar:/home/alumi/.gradle/caches/modules-2/files-2.1/net.fabricmc/sponge-mixin/0.15.2+mixin.0.8.7/2af2f021d8e02a0220dc27a7a72b4666d66d44ca/sponge-mixin-0.15.2+mixin.0.8.7.jar:/home/alumi/.gradle/caches/modules-2/files-2.1/org.openjdk.nashorn/nashorn-core/15.4/f67f5ffaa5f5130cf6fb9b133da00c7df3b532a5/nashorn-core-15.4.jar:/home/alumi/.gradle/caches/modules-2/files-2.1/org.apache.commons/commons-lang3/3.14.0/1ed471194b02f2c6cb734a0cd6f6f107c673afae/commons-lang3-3.14.0.jar:/home/alumi/.gradle/caches/modules-2/files-2.1/cpw.mods/bootstraplauncher/2.0.2/1a2d076cbc33b0520cbacd591224427b2a20047d/bootstraplauncher-2.0.2.jar:/home/alumi/.gradle/caches/modules-2/files-2.1/cpw.mods/securejarhandler/3.0.8/c0ef95cecd8699a0449053ac7d9c160748d902cd/securejarhandler-3.0.8.jar:/home/alumi/.gradle/caches/modules-2/files-2.1/org.ow2.asm/asm-commons/9.10.1/4229e4c55fd8e01c23f9fe9884075cc628aacc50/asm-commons-9.10.1.jar:/home/alumi/.gradle/caches/modules-2/files-2.1/org.ow2.asm/asm-util/9.10.1/7bb9d450e8d4cbf9f9e04096c44bbfe7fba80b15/asm-util-9.10.1.jar:/home/alumi/.gradle/caches/modules-2/files-2.1/org.ow2.asm/asm-analysis/9.10.1/8d49f14d51f632cb1d87c88d1ceaf50db0d8af1b/asm-analysis-9.10.1.jar:/home/alumi/.gradle/caches/modules-2/files-2.1/io.github.juuxel/unprotect-modlauncher/2.0.2/20d36922d7bb84c3185c213e935150584d6c7166/unprotect-modlauncher-2.0.2.jar:/home/alumi/.gradle/caches/modules-2/files-2.1/io.github.juuxel/unprotect/2.0.2/d79e894ec170237a02281b45e3203df6306675d6/unprotect-2.0.2.jar:/home/alumi/.gradle/caches/modules-2/files-2.1/org.ow2.asm/asm-tree/9.10.1/e244332a17564c1d1572449399a842de35881be2/asm-tree-9.10.1.jar:/home/alumi/.gradle/caches/modules-2/files-2.1/org.ow2.asm/asm/9.10.1/ada2141c0cc52ee8f5c48cd5fa4ce0e794f22236/asm-9.10.1.jar:/home/alumi/.gradle/caches/modules-2/files-2.1/net.neoforged/JarJarFileSystems/0.4.1/78f59f89defcd032ed788b151ca6a0d40ace796a/JarJarFileSystems-0.4.1.jar:/home/alumi/.gradle/caches/modules-2/files-2.1/io.github.llamalad7/mixinextras-neoforge/0.5.3/a0919957808de97707c5fb4ce073e66aeef3e187/mixinextras-neoforge-0.5.3.jar:/home/alumi/.gradle/caches/modules-2/files-2.1/net.sf.jopt-simple/jopt-simple/5.0.4/4fdac2fbe92dfad86aa6e9301736f6b4342a3f5c/jopt-simple-5.0.4.jar:/home/alumi/.gradle/caches/modules-2/files-2.1/com.mojang/logging/1.2.7/24cb95ffb0e3433fd6e844c04e68009e504ca1c0/logging-1.2.7.jar:/home/alumi/.gradle/caches/modules-2/files-2.1/org.apache.logging.log4j/log4j-slf4j2-impl/2.22.1/d7e6693c2606cb7e7335047d7bb96dec52db5665/log4j-slf4j2-impl-2.22.1.jar:/home/alumi/.gradle/caches/modules-2/files-2.1/com.machinezoo.noexception/noexception/1.7.1/b65330c98e38a1f915fa54a6e5eca496505e3f0a/noexception-1.7.1.jar:/home/alumi/.gradle/caches/modules-2/files-2.1/org.slf4j/slf4j-api/2.0.9/7cf2726fdcfbc8610f9a71fb3ed639871f315340/slf4j-api-2.0.9.jar:/home/alumi/.gradle/caches/modules-2/files-2.1/org.antlr/antlr4-runtime/4.13.1/17125bae1d965624e265ef49552f6465a2bfa307/antlr4-runtime-4.13.1.jar:/home/alumi/.gradle/caches/modules-2/files-2.1/org.apache.logging.log4j/log4j-core/2.22.1/7183a25510a02ad00cc6a95d3b3d2a7d3c5a8dc4/log4j-core-2.22.1.jar:/home/alumi/.gradle/caches/modules-2/files-2.1/org.apache.logging.log4j/log4j-api/2.22.1/bea6fede6328fabafd7e68363161a7ea6605abd1/log4j-api-2.22.1.jar:/home/alumi/.gradle/caches/modules-2/files-2.1/org.jline/jline-reader/3.20.0/8f15415b022a25b473e8e16c28ae913186ffb9c4/jline-reader-3.20.0.jar:/home/alumi/.gradle/caches/modules-2/files-2.1/org.jline/jline-terminal/3.20.0/d0ddcc708ddf527a3454c941b7b9225cc83a15ff/jline-terminal-3.20.0.jar:/home/alumi/.gradle/caches/modules-2/files-2.1/commons-io/commons-io/2.15.1/f11560da189ab563a5c8e351941415430e9304ea/commons-io-2.15.1.jar:/home/alumi/.gradle/caches/modules-2/files-2.1/net.minecraftforge/srgutils/0.4.15/ca408b131759478f164e010fae0d73997e125fb5/srgutils-0.4.15.jar:/home/alumi/.gradle/caches/modules-2/files-2.1/com.google.guava/guava/32.1.2-jre/5e64ec7e056456bef3a4bc4c6fdaef71e8ab6318/guava-32.1.2-jre.jar:/home/alumi/.gradle/caches/modules-2/files-2.1/com.google.guava/failureaccess/1.0.1/1dcf1de382a0bf95a3d8b0849546c88bac1292c9/failureaccess-1.0.1.jar:/home/alumi/.gradle/caches/modules-2/files-2.1/com.google.guava/listenablefuture/9999.0-empty-to-avoid-conflict-with-guava/b421526c5f297295adef1c886e5246c39d4ac629/listenablefuture-9999.0-empty-to-avoid-conflict-with-guava.jar:/home/alumi/.gradle/caches/modules-2/files-2.1/com.google.code.findbugs/jsr305/3.0.2/25ea2e8b0c338a877313bd4672d3fe056ea78f0d/jsr305-3.0.2.jar:/home/alumi/.gradle/caches/modules-2/files-2.1/org.checkerframework/checker-qual/3.33.0/de2b60b62da487644fc11f734e73c8b0b431238f/checker-qual-3.33.0.jar:/home/alumi/.gradle/caches/modules-2/files-2.1/com.google.errorprone/error_prone_annotations/2.18.0/89b684257096f548fa39a7df9fdaa409d4d4df91/error_prone_annotations-2.18.0.jar:/home/alumi/.gradle/caches/modules-2/files-2.1/com.google.j2objc/j2objc-annotations/2.8/c85270e307e7b822f1086b93689124b89768e273/j2objc-annotations-2.8.jar:/home/alumi/.gradle/caches/modules-2/files-2.1/com.google.code.gson/gson/2.10.1/b3add478d4382b78ea20b1671390a858002feb6c/gson-2.10.1.jar:/home/alumi/.gradle/caches/modules-2/files-2.1/org.codehaus.plexus/plexus-utils/3.3.0/cf43b5391de623b36fe066a21127baef82c64022/plexus-utils-3.3.0.jar:/home/alumi/.gradle/caches/modules-2/files-2.1/org.lwjgl/lwjgl-glfw/3.3.3/efa1eb78c5ccd840e9f329717109b5e892d72f8e/lwjgl-glfw-3.3.3.jar:/home/alumi/.gradle/caches/modules-2/files-2.1/org.lwjgl/lwjgl-glfw/3.3.3/a03684c5e4b1b1dbbe0d29dbbdc27b985b6840f2/lwjgl-glfw-3.3.3-natives-linux.jar:/home/alumi/.gradle/caches/modules-2/files-2.1/org.lwjgl/lwjgl-opengl/3.3.3/2f6b0147078396a58979125a4c947664e98293a/lwjgl-opengl-3.3.3.jar:/home/alumi/.gradle/caches/modules-2/files-2.1/org.lwjgl/lwjgl-opengl/3.3.3/62c70a4b00ca5391882b0f4b787c1588d24f1c86/lwjgl-opengl-3.3.3-natives-linux.jar:/home/alumi/.gradle/caches/modules-2/files-2.1/org.lwjgl/lwjgl-stb/3.3.3/25dd6161988d7e65f71d5065c99902402ee32746/lwjgl-stb-3.3.3.jar:/home/alumi/.gradle/caches/modules-2/files-2.1/org.lwjgl/lwjgl-stb/3.3.3/fd1271ccd9d85eff2fa31f3fd543e02ccfaf5041/lwjgl-stb-3.3.3-natives-linux.jar:/home/alumi/.gradle/caches/modules-2/files-2.1/org.lwjgl/lwjgl-tinyfd/3.3.3/82d755ca94b102e9ca77283b9e2dc46d1b15fbe5/lwjgl-tinyfd-3.3.3.jar:/home/alumi/.gradle/caches/modules-2/files-2.1/org.lwjgl/lwjgl-tinyfd/3.3.3/d8d58daa0c3e5fd906fee96f5fddbcbc07cc308b/lwjgl-tinyfd-3.3.3-natives-linux.jar:/home/alumi/.gradle/caches/modules-2/files-2.1/org.lwjgl/lwjgl/3.3.3/29589b5f87ed335a6c7e7ee6a5775f81f97ecb84/lwjgl-3.3.3.jar:/home/alumi/.gradle/caches/modules-2/files-2.1/org.lwjgl/lwjgl/3.3.3/1713758e3660ba66e1e954396fd18126038b33c0/lwjgl-3.3.3-natives-linux.jar:/home/alumi/.gradle/caches/modules-2/files-2.1/thedarkcolour/kotlinforforge-neoforge/5.12.0/7e95d23cf56cbeb15aba25b4677d2119e00af46d/kotlinforforge-neoforge-5.12.0.jar:/home/alumi/.gradle/caches/modules-2/files-2.1/net.fabricmc/dev-launch-injector/0.2.1+build.8/da8bef7e6e2f952da707f282bdb46882a0fce5e3/dev-launch-injector-0.2.1+build.8.jar:/home/alumi/.gradle/caches/modules-2/files-2.1/com.github.oshi/oshi-core/6.4.10/b1d8ab82d11d92fd639b56d639f8f46f739dd5fa/oshi-core-6.4.10.jar:/home/alumi/.gradle/caches/modules-2/files-2.1/com.ibm.icu/icu4j/73.2/61ad4ef7f9131fcf6d25c34b817f90d6da06c9e9/icu4j-73.2.jar:/home/alumi/.gradle/caches/modules-2/files-2.1/com.mojang/authlib/6.0.54/de8bc95660e1b2fe8793fd427a7a10dcec5b3ea7/authlib-6.0.54.jar:/home/alumi/.gradle/caches/modules-2/files-2.1/com.mojang/blocklist/1.0.10/5c685c5ffa94c4cd39496c7184c1d122e515ecef/blocklist-1.0.10.jar:/home/alumi/.gradle/caches/modules-2/files-2.1/com.mojang/brigadier/1.3.10/d15b53a14cf20fdcaa98f731af5dda654452c010/brigadier-1.3.10.jar:/home/alumi/.gradle/caches/modules-2/files-2.1/com.mojang/datafixerupper/8.0.16/67d4de6d7f95d89bcf5862995fb854ebaec02a34/datafixerupper-8.0.16.jar:/home/alumi/.gradle/caches/modules-2/files-2.1/com.mojang/patchy/2.2.10/da05971b07cbb379d002cf7eaec6a2048211fefc/patchy-2.2.10.jar:/home/alumi/.gradle/caches/modules-2/files-2.1/com.mojang/text2speech/1.17.9/3cad216e3a7f0c19b4b394388bc9ffc446f13b14/text2speech-1.17.9.jar:/home/alumi/.gradle/caches/modules-2/files-2.1/commons-codec/commons-codec/1.16.0/4e3eb3d79888d76b54e28b350915b5dc3919c9de/commons-codec-1.16.0.jar:/home/alumi/.gradle/caches/modules-2/files-2.1/commons-logging/commons-logging/1.2/4bfc12adfe4842bf07b657f0369c4cb522955686/commons-logging-1.2.jar:/home/alumi/.gradle/caches/modules-2/files-2.1/io.netty/netty-buffer/4.1.97.Final/f8f3d8644afa5e6e1a40a3a6aeb9d9aa970ecb4f/netty-buffer-4.1.97.Final.jar:/home/alumi/.gradle/caches/modules-2/files-2.1/io.netty/netty-codec/4.1.97.Final/384ba4d75670befbedb45c4d3b497a93639c206d/netty-codec-4.1.97.Final.jar:/home/alumi/.gradle/caches/modules-2/files-2.1/io.netty/netty-common/4.1.97.Final/7cceacaf11df8dc63f23d0fb58e9d4640fc88404/netty-common-4.1.97.Final.jar:/home/alumi/.gradle/caches/modules-2/files-2.1/io.netty/netty-handler/4.1.97.Final/abb86c6906bf512bf2b797a41cd7d2e8d3cd7c36/netty-handler-4.1.97.Final.jar:/home/alumi/.gradle/caches/modules-2/files-2.1/io.netty/netty-resolver/4.1.97.Final/cec8348108dc76c47cf87c669d514be52c922144/netty-resolver-4.1.97.Final.jar:/home/alumi/.gradle/caches/modules-2/files-2.1/io.netty/netty-transport-classes-epoll/4.1.97.Final/795da37ded759e862457a82d9d92c4d39ce8ecee/netty-transport-classes-epoll-4.1.97.Final.jar:/home/alumi/.gradle/caches/modules-2/files-2.1/io.netty/netty-transport-native-epoll/4.1.97.Final/5514744c588190ffda076b35a9b8c9f24946a960/netty-transport-native-epoll-4.1.97.Final-linux-aarch_64.jar:/home/alumi/.gradle/caches/modules-2/files-2.1/io.netty/netty-transport-native-epoll/4.1.97.Final/54188f271e388e7f313aea995e82f58ce2cdb809/netty-transport-native-epoll-4.1.97.Final-linux-x86_64.jar:/home/alumi/.gradle/caches/modules-2/files-2.1/io.netty/netty-transport-native-unix-common/4.1.97.Final/d469d84265ab70095b01b40886cabdd433b6e664/netty-transport-native-unix-common-4.1.97.Final.jar:/home/alumi/.gradle/caches/modules-2/files-2.1/io.netty/netty-transport/4.1.97.Final/f37380d23c9bb079bc702910833b2fd532c9abd0/netty-transport-4.1.97.Final.jar:/home/alumi/.gradle/caches/modules-2/files-2.1/it.unimi.dsi/fastutil/8.5.12/c24946d46824bd528054bface3231d2ecb7e95e8/fastutil-8.5.12.jar:/home/alumi/.gradle/caches/modules-2/files-2.1/net.java.dev.jna/jna-platform/5.14.0/28934d48aed814f11e4c584da55c49fa7032b31b/jna-platform-5.14.0.jar:/home/alumi/.gradle/caches/modules-2/files-2.1/net.java.dev.jna/jna/5.14.0/67bf3eaea4f0718cb376a181a629e5f88fa1c9dd/jna-5.14.0.jar:/home/alumi/.gradle/caches/modules-2/files-2.1/org.apache.commons/commons-compress/1.26.0/659feffdd12280201c8aacb8f7be94f9a883c824/commons-compress-1.26.0.jar:/home/alumi/.gradle/caches/modules-2/files-2.1/org.apache.httpcomponents/httpclient/4.5.13/e5f6cae5ca7ecaac1ec2827a9e2d65ae2869cada/httpclient-4.5.13.jar:/home/alumi/.gradle/caches/modules-2/files-2.1/org.apache.httpcomponents/httpcore/4.4.16/51cf043c87253c9f58b539c9f7e44c8894223850/httpcore-4.4.16.jar:/home/alumi/.gradle/caches/modules-2/files-2.1/org.jcraft/jorbis/0.0.17/8872d22b293e8f5d7d56ff92be966e6dc28ebdc6/jorbis-0.0.17.jar:/home/alumi/.gradle/caches/modules-2/files-2.1/org.joml/joml/1.10.5/22566d58af70ad3d72308bab63b8339906deb649/joml-1.10.5.jar:/home/alumi/.gradle/caches/modules-2/files-2.1/org.lwjgl/lwjgl-freetype/3.3.3/a0db6c84a8becc8ca05f9dbfa985edc348a824c7/lwjgl-freetype-3.3.3.jar:/home/alumi/.gradle/caches/modules-2/files-2.1/org.lwjgl/lwjgl-freetype/3.3.3/149070a5480900347071b7074779531f25a6e3dc/lwjgl-freetype-3.3.3-natives-linux.jar:/home/alumi/.gradle/caches/modules-2/files-2.1/org.lwjgl/lwjgl-jemalloc/3.3.3/b543467b7ff3c6920539a88ee602d34098628be5/lwjgl-jemalloc-3.3.3.jar:/home/alumi/.gradle/caches/modules-2/files-2.1/org.lwjgl/lwjgl-jemalloc/3.3.3/4f86728bf449b1dd61251c4e0ac01df1389cb51e/lwjgl-jemalloc-3.3.3-natives-linux.jar:/home/alumi/.gradle/caches/modules-2/files-2.1/org.lwjgl/lwjgl-openal/3.3.3/daada81ceb5fc0c291fbfdd4433cb8d9423577f2/lwjgl-openal-3.3.3.jar:/home/alumi/.gradle/caches/modules-2/files-2.1/org.lwjgl/lwjgl-openal/3.3.3/3037360cc4595079bea240af250b6d1a527e0905/lwjgl-openal-3.3.3-natives-linux.jar:/home/alumi/.gradle/caches/modules-2/files-2.1/org.lz4/lz4-java/1.8.0/4b986a99445e49ea5fbf5d149c4b63f6ed6c6780/lz4-java-1.8.0.jar:/home/alumi/.gradle/caches/fabric-loom/minecraftMaven/net/minecraft/neoforge-21.1.248-minecraft-merged/1.21.1-loom.mappings.1_21_1.layered+hash.40545-v2-neoforge-21.1.248/neoforge-21.1.248-minecraft-merged-1.21.1-loom.mappings.1_21_1.layered+hash.40545-v2-neoforge-21.1.248.jar:/home/alumi/Projects/MinecraftModding/Fabric-Neoforge-1.21.1-Mod/.gradle/loom-cache/remapped_mods/remapped/dev/architectury/architectury-neoforge-bd6068e4/13.0.11/architectury-neoforge-bd6068e4-13.0.11.jar:/home/alumi/.gradle/caches/modules-2/files-2.1/thedarkcolour/kfflang-neoforge/5.12.0/fe2a44ee01ffe868939dbaef15e15393e74980ee/kfflang-neoforge-5.12.0.jar:/home/alumi/.gradle/caches/modules-2/files-2.1/thedarkcolour/kfflib-neoforge/5.12.0/52db8b8da5234c47936758e9e0d1174a1723a371/kfflib-neoforge-5.12.0.jar:/home/alumi/.gradle/caches/modules-2/files-2.1/thedarkcolour/kffmod-neoforge/5.12.0/451bfb7562d1386cd5c8899815564543c6ec8d9d/kffmod-neoforge-5.12.0.jar:/home/alumi/.gradle/caches/modules-2/files-2.1/org.jetbrains.kotlin/kotlin-reflect/2.4.0/532cc727c0960d12f4c9acb6a6c2c4a3e08187b/kotlin-reflect-2.4.0.jar:/home/alumi/.gradle/caches/modules-2/files-2.1/org.jetbrains.kotlin/kotlin-stdlib-jdk8/2.4.0/ff44d8831b07b547fc0263e33304e876788d6f0d/kotlin-stdlib-jdk8-2.4.0.jar:/home/alumi/.gradle/caches/modules-2/files-2.1/org.jetbrains.kotlin/kotlin-stdlib-jdk7/2.4.0/65464dd63e7ab1b7cb29f2b2554971088deb50f3/kotlin-stdlib-jdk7-2.4.0.jar:/home/alumi/.gradle/caches/modules-2/files-2.1/org.jetbrains.kotlinx/kotlinx-coroutines-jdk8/1.11.0/e470357f495c20ec5bccc6b97d90f8291f7969f8/kotlinx-coroutines-jdk8-1.11.0.jar:/home/alumi/.gradle/caches/modules-2/files-2.1/org.jetbrains.kotlinx/kotlinx-coroutines-core-jvm/1.11.0/3d57dc678bd8d72a60e7adf0eca5c54e3f4f4b79/kotlinx-coroutines-core-jvm-1.11.0.jar:/home/alumi/.gradle/caches/modules-2/files-2.1/org.jetbrains.kotlinx/kotlinx-serialization-json-jvm/1.11.0/e7e045e99e56f07599bb9ccb708c2190e2af0606/kotlinx-serialization-json-jvm-1.11.0.jar:/home/alumi/.gradle/caches/modules-2/files-2.1/org.jetbrains.kotlinx/kotlinx-serialization-core-jvm/1.11.0/c1905c9bf7452b045d5af9248835abe64ddad6bf/kotlinx-serialization-core-jvm-1.11.0.jar:/home/alumi/.gradle/caches/modules-2/files-2.1/org.jetbrains.kotlin/kotlin-stdlib/2.4.0/4e9f4b531dce5c7dee58ed2de9a8b9a763c8dc6c/kotlin-stdlib-2.4.0.jar:/home/alumi/.gradle/caches/modules-2/files-2.1/org.jetbrains/annotations/23.0.0/8cc20c07506ec18e0834947b84a864bfc094484e/annotations-23.0.0.jar:/tmp/2848733509020848586.jar)
	at MC-BOOTSTRAP/com.sun.jna@5.14.0/com.sun.jna.NativeLibrary.loadLibrary(NativeLibrary.java:325) ~[jna-5.14.0.jar%23169!/:5.14.0 (b0)]
	at MC-BOOTSTRAP/com.sun.jna@5.14.0/com.sun.jna.NativeLibrary.getInstance(NativeLibrary.java:481) ~[jna-5.14.0.jar%23169!/:5.14.0 (b0)]
	at MC-BOOTSTRAP/com.sun.jna@5.14.0/com.sun.jna.NativeLibrary.getInstance(NativeLibrary.java:423) ~[jna-5.14.0.jar%23169!/:5.14.0 (b0)]
	at MC-BOOTSTRAP/text2speech@1.17.9/com.mojang.text2speech.NarratorLinux$FliteLibrary.loadNative(NarratorLinux.java:67) ~[text2speech-1.17.9.jar%23154!/:?]
	... 40 more
	Suppressed: java.lang.UnsatisfiedLinkError: libflite.so: cannot open shared object file: No such file or directory
		at MC-BOOTSTRAP/com.sun.jna@5.14.0/com.sun.jna.Native.open(Native Method) ~[jna-5.14.0.jar%23169!/:5.14.0 (b0)]
		at MC-BOOTSTRAP/com.sun.jna@5.14.0/com.sun.jna.NativeLibrary.loadLibrary(NativeLibrary.java:213) ~[jna-5.14.0.jar%23169!/:5.14.0 (b0)]
		at MC-BOOTSTRAP/com.sun.jna@5.14.0/com.sun.jna.NativeLibrary.getInstance(NativeLibrary.java:481) ~[jna-5.14.0.jar%23169!/:5.14.0 (b0)]
		at MC-BOOTSTRAP/com.sun.jna@5.14.0/com.sun.jna.NativeLibrary.getInstance(NativeLibrary.java:423) ~[jna-5.14.0.jar%23169!/:5.14.0 (b0)]
		at MC-BOOTSTRAP/text2speech@1.17.9/com.mojang.text2speech.NarratorLinux$FliteLibrary.loadNative(NarratorLinux.java:67) ~[text2speech-1.17.9.jar%23154!/:?]
		at MC-BOOTSTRAP/text2speech@1.17.9/com.mojang.text2speech.NarratorLinux.<init>(NarratorLinux.java:18) ~[text2speech-1.17.9.jar%23154!/:?]
		at MC-BOOTSTRAP/text2speech@1.17.9/com.mojang.text2speech.Narrator.getNarrator(Narrator.java:41) [text2speech-1.17.9.jar%23154!/:?]
		at TRANSFORMER/minecraft@1.21.1/net.minecraft.client.gui.screens.AccessibilityOnboardingScreen.close(AccessibilityOnboardingScreen.java:106) [neoforge-21.1.248-minecraft-merged-1.21.1-loom.mappings.1_21_1.layered+hash.40545-v2-neoforge-21.1.248.jar%23184!/:?]
		at TRANSFORMER/minecraft@1.21.1/net.minecraft.client.gui.screens.AccessibilityOnboardingScreen.onClose(AccessibilityOnboardingScreen.java:95) [neoforge-21.1.248-minecraft-merged-1.21.1-loom.mappings.1_21_1.layered+hash.40545-v2-neoforge-21.1.248.jar%23184!/:?]
		at TRANSFORMER/minecraft@1.21.1/net.minecraft.client.gui.screens.AccessibilityOnboardingScreen.method_48639(AccessibilityOnboardingScreen.java:66) [neoforge-21.1.248-minecraft-merged-1.21.1-loom.mappings.1_21_1.layered+hash.40545-v2-neoforge-21.1.248.jar%23184!/:?]
		at TRANSFORMER/minecraft@1.21.1/net.minecraft.client.gui.components.Button.onPress(Button.java:41) [neoforge-21.1.248-minecraft-merged-1.21.1-loom.mappings.1_21_1.layered+hash.40545-v2-neoforge-21.1.248.jar%23184!/:?]
		at TRANSFORMER/minecraft@1.21.1/net.minecraft.client.gui.components.AbstractButton.onClick(AbstractButton.java:47) [neoforge-21.1.248-minecraft-merged-1.21.1-loom.mappings.1_21_1.layered+hash.40545-v2-neoforge-21.1.248.jar%23184!/:?]
		at TRANSFORMER/neoforge@21.1.248/net.neoforged.neoforge.client.extensions.IAbstractWidgetExtension.onClick(IAbstractWidgetExtension.java:36) [neoforge-21.1.248-minecraft-merged-1.21.1-loom.mappings.1_21_1.layered+hash.40545-v2-neoforge-21.1.248.jar%23185!/:?]
		at TRANSFORMER/minecraft@1.21.1/net.minecraft.client.gui.components.AbstractWidget.mouseClicked(AbstractWidget.java:144) [neoforge-21.1.248-minecraft-merged-1.21.1-loom.mappings.1_21_1.layered+hash.40545-v2-neoforge-21.1.248.jar%23184!/:?]
		at TRANSFORMER/minecraft@1.21.1/net.minecraft.client.gui.components.events.ContainerEventHandler.mouseClicked(ContainerEventHandler.java:38) [neoforge-21.1.248-minecraft-merged-1.21.1-loom.mappings.1_21_1.layered+hash.40545-v2-neoforge-21.1.248.jar%23184!/:?]
		at TRANSFORMER/minecraft@1.21.1/net.minecraft.client.MouseHandler.method_1611(MouseHandler.java:98) [neoforge-21.1.248-minecraft-merged-1.21.1-loom.mappings.1_21_1.layered+hash.40545-v2-neoforge-21.1.248.jar%23184!/:?]
		at TRANSFORMER/minecraft@1.21.1/net.minecraft.client.gui.screens.Screen.wrapScreenError(Screen.java:451) [neoforge-21.1.248-minecraft-merged-1.21.1-loom.mappings.1_21_1.layered+hash.40545-v2-neoforge-21.1.248.jar%23184!/:?]
		at TRANSFORMER/minecraft@1.21.1/net.minecraft.client.MouseHandler.onPress(MouseHandler.java:95) [neoforge-21.1.248-minecraft-merged-1.21.1-loom.mappings.1_21_1.layered+hash.40545-v2-neoforge-21.1.248.jar%23184!/:?]
		at TRANSFORMER/minecraft@1.21.1/net.minecraft.client.MouseHandler.method_22686(MouseHandler.java:202) [neoforge-21.1.248-minecraft-merged-1.21.1-loom.mappings.1_21_1.layered+hash.40545-v2-neoforge-21.1.248.jar%23184!/:?]
		at TRANSFORMER/minecraft@1.21.1/net.minecraft.util.thread.BlockableEventLoop.execute(BlockableEventLoop.java:98) [neoforge-21.1.248-minecraft-merged-1.21.1-loom.mappings.1_21_1.layered+hash.40545-v2-neoforge-21.1.248.jar%23184!/:?]
		at TRANSFORMER/minecraft@1.21.1/net.minecraft.client.MouseHandler.method_22684(MouseHandler.java:202) [neoforge-21.1.248-minecraft-merged-1.21.1-loom.mappings.1_21_1.layered+hash.40545-v2-neoforge-21.1.248.jar%23184!/:?]
		at MC-BOOTSTRAP/org.lwjgl.glfw@3.3.3+5/org.lwjgl.glfw.GLFWMouseButtonCallbackI.callback(GLFWMouseButtonCallbackI.java:43) [lwjgl-glfw-3.3.3.jar%23137!/:build 5]
		at MC-BOOTSTRAP/org.lwjgl@3.3.3+5/org.lwjgl.system.JNI.invokeV(Native Method) [lwjgl-3.3.3.jar%23145!/:build 5]
		at MC-BOOTSTRAP/org.lwjgl.glfw@3.3.3+5/org.lwjgl.glfw.GLFW.glfwWaitEventsTimeout(GLFW.java:3509) [lwjgl-glfw-3.3.3.jar%23137!/:build 5]
		at TRANSFORMER/minecraft@1.21.1/com.mojang.blaze3d.systems.RenderSystem.limitDisplayFPS(RenderSystem.java:162) [neoforge-21.1.248-minecraft-merged-1.21.1-loom.mappings.1_21_1.layered+hash.40545-v2-neoforge-21.1.248.jar%23184!/:?]
		at TRANSFORMER/minecraft@1.21.1/net.minecraft.client.Minecraft.runTick(Minecraft.java:1220) [neoforge-21.1.248-minecraft-merged-1.21.1-loom.mappings.1_21_1.layered+hash.40545-v2-neoforge-21.1.248.jar%23184!/:?]
		at TRANSFORMER/minecraft@1.21.1/net.minecraft.client.Minecraft.run(Minecraft.java:807) [neoforge-21.1.248-minecraft-merged-1.21.1-loom.mappings.1_21_1.layered+hash.40545-v2-neoforge-21.1.248.jar%23184!/:?]
		at TRANSFORMER/minecraft@1.21.1/net.minecraft.client.main.Main.main(Main.java:230) [neoforge-21.1.248-minecraft-merged-1.21.1-loom.mappings.1_21_1.layered+hash.40545-v2-neoforge-21.1.248.jar%23184!/:?]
		at java.base/jdk.internal.reflect.DirectMethodHandleAccessor.invoke(DirectMethodHandleAccessor.java:104) ~[?:?]
		at java.base/java.lang.reflect.Method.invoke(Method.java:565) ~[?:?]
		at MC-BOOTSTRAP/fml_loader@4.0.43/net.neoforged.fml.loading.targets.CommonLaunchHandler.runTarget(CommonLaunchHandler.java:136) [loader-4.0.43.jar%2396!/:4.0]
		at MC-BOOTSTRAP/fml_loader@4.0.43/net.neoforged.fml.loading.targets.CommonLaunchHandler.clientService(CommonLaunchHandler.java:124) [loader-4.0.43.jar%2396!/:4.0]
		at MC-BOOTSTRAP/fml_loader@4.0.43/net.neoforged.fml.loading.targets.NeoForgeClientDevLaunchHandler.runService(NeoForgeClientDevLaunchHandler.java:23) [loader-4.0.43.jar%2396!/:4.0]
		at MC-BOOTSTRAP/fml_loader@4.0.43/net.neoforged.fml.loading.targets.CommonLaunchHandler.lambda$launchService$4(CommonLaunchHandler.java:118) [loader-4.0.43.jar%2396!/:4.0]
		at MC-BOOTSTRAP/cpw.mods.modlauncher@11.0.5/cpw.mods.modlauncher.LaunchServiceHandlerDecorator.launch(LaunchServiceHandlerDecorator.java:30) [modlauncher-11.0.5.jar%23101!/:?]
		at MC-BOOTSTRAP/cpw.mods.modlauncher@11.0.5/cpw.mods.modlauncher.LaunchServiceHandler.launch(LaunchServiceHandler.java:53) [modlauncher-11.0.5.jar%23101!/:?]
		at MC-BOOTSTRAP/cpw.mods.modlauncher@11.0.5/cpw.mods.modlauncher.LaunchServiceHandler.launch(LaunchServiceHandler.java:71) [modlauncher-11.0.5.jar%23101!/:?]
		at MC-BOOTSTRAP/cpw.mods.modlauncher@11.0.5/cpw.mods.modlauncher.Launcher.run(Launcher.java:103) [modlauncher-11.0.5.jar%23101!/:?]
		at MC-BOOTSTRAP/cpw.mods.modlauncher@11.0.5/cpw.mods.modlauncher.Launcher.main(Launcher.java:74) [modlauncher-11.0.5.jar%23101!/:?]
		at MC-BOOTSTRAP/cpw.mods.modlauncher@11.0.5/cpw.mods.modlauncher.BootstrapLaunchConsumer.accept(BootstrapLaunchConsumer.java:26) [modlauncher-11.0.5.jar%23101!/:?]
		at MC-BOOTSTRAP/cpw.mods.modlauncher@11.0.5/cpw.mods.modlauncher.BootstrapLaunchConsumer.accept(BootstrapLaunchConsumer.java:23) [modlauncher-11.0.5.jar%23101!/:?]
		at cpw.mods.bootstraplauncher.BootstrapLauncher.run(BootstrapLauncher.java:210) [bootstraplauncher-2.0.2.jar:?]
		at cpw.mods.bootstraplauncher.BootstrapLauncher.main(BootstrapLauncher.java:69) [bootstraplauncher-2.0.2.jar:?]
		at net.fabricmc.devlaunchinjector.Main.main(Main.java:86) [dev-launch-injector-0.2.1+build.8.jar:?]
		at dev.architectury.transformer.TransformerRuntime.main(TransformerRuntime.java:220) [architectury-transformer-5.2.91-runtime.jar:5.2.91]
	Suppressed: java.lang.UnsatisfiedLinkError: libflite.so: cannot open shared object file: No such file or directory
		at MC-BOOTSTRAP/com.sun.jna@5.14.0/com.sun.jna.Native.open(Native Method) ~[jna-5.14.0.jar%23169!/:5.14.0 (b0)]
		at MC-BOOTSTRAP/com.sun.jna@5.14.0/com.sun.jna.NativeLibrary.loadLibrary(NativeLibrary.java:226) ~[jna-5.14.0.jar%23169!/:5.14.0 (b0)]
		at MC-BOOTSTRAP/com.sun.jna@5.14.0/com.sun.jna.NativeLibrary.getInstance(NativeLibrary.java:481) ~[jna-5.14.0.jar%23169!/:5.14.0 (b0)]
		at MC-BOOTSTRAP/com.sun.jna@5.14.0/com.sun.jna.NativeLibrary.getInstance(NativeLibrary.java:423) ~[jna-5.14.0.jar%23169!/:5.14.0 (b0)]
		at MC-BOOTSTRAP/text2speech@1.17.9/com.mojang.text2speech.NarratorLinux$FliteLibrary.loadNative(NarratorLinux.java:67) ~[text2speech-1.17.9.jar%23154!/:?]
		at MC-BOOTSTRAP/text2speech@1.17.9/com.mojang.text2speech.NarratorLinux.<init>(NarratorLinux.java:18) ~[text2speech-1.17.9.jar%23154!/:?]
		at MC-BOOTSTRAP/text2speech@1.17.9/com.mojang.text2speech.Narrator.getNarrator(Narrator.java:41) [text2speech-1.17.9.jar%23154!/:?]
		at TRANSFORMER/minecraft@1.21.1/net.minecraft.client.gui.screens.AccessibilityOnboardingScreen.close(AccessibilityOnboardingScreen.java:106) [neoforge-21.1.248-minecraft-merged-1.21.1-loom.mappings.1_21_1.layered+hash.40545-v2-neoforge-21.1.248.jar%23184!/:?]
		at TRANSFORMER/minecraft@1.21.1/net.minecraft.client.gui.screens.AccessibilityOnboardingScreen.onClose(AccessibilityOnboardingScreen.java:95) [neoforge-21.1.248-minecraft-merged-1.21.1-loom.mappings.1_21_1.layered+hash.40545-v2-neoforge-21.1.248.jar%23184!/:?]
		at TRANSFORMER/minecraft@1.21.1/net.minecraft.client.gui.screens.AccessibilityOnboardingScreen.method_48639(AccessibilityOnboardingScreen.java:66) [neoforge-21.1.248-minecraft-merged-1.21.1-loom.mappings.1_21_1.layered+hash.40545-v2-neoforge-21.1.248.jar%23184!/:?]
		at TRANSFORMER/minecraft@1.21.1/net.minecraft.client.gui.components.Button.onPress(Button.java:41) [neoforge-21.1.248-minecraft-merged-1.21.1-loom.mappings.1_21_1.layered+hash.40545-v2-neoforge-21.1.248.jar%23184!/:?]
		at TRANSFORMER/minecraft@1.21.1/net.minecraft.client.gui.components.AbstractButton.onClick(AbstractButton.java:47) [neoforge-21.1.248-minecraft-merged-1.21.1-loom.mappings.1_21_1.layered+hash.40545-v2-neoforge-21.1.248.jar%23184!/:?]
		at TRANSFORMER/neoforge@21.1.248/net.neoforged.neoforge.client.extensions.IAbstractWidgetExtension.onClick(IAbstractWidgetExtension.java:36) [neoforge-21.1.248-minecraft-merged-1.21.1-loom.mappings.1_21_1.layered+hash.40545-v2-neoforge-21.1.248.jar%23185!/:?]
		at TRANSFORMER/minecraft@1.21.1/net.minecraft.client.gui.components.AbstractWidget.mouseClicked(AbstractWidget.java:144) [neoforge-21.1.248-minecraft-merged-1.21.1-loom.mappings.1_21_1.layered+hash.40545-v2-neoforge-21.1.248.jar%23184!/:?]
		at TRANSFORMER/minecraft@1.21.1/net.minecraft.client.gui.components.events.ContainerEventHandler.mouseClicked(ContainerEventHandler.java:38) [neoforge-21.1.248-minecraft-merged-1.21.1-loom.mappings.1_21_1.layered+hash.40545-v2-neoforge-21.1.248.jar%23184!/:?]
		at TRANSFORMER/minecraft@1.21.1/net.minecraft.client.MouseHandler.method_1611(MouseHandler.java:98) [neoforge-21.1.248-minecraft-merged-1.21.1-loom.mappings.1_21_1.layered+hash.40545-v2-neoforge-21.1.248.jar%23184!/:?]
		at TRANSFORMER/minecraft@1.21.1/net.minecraft.client.gui.screens.Screen.wrapScreenError(Screen.java:451) [neoforge-21.1.248-minecraft-merged-1.21.1-loom.mappings.1_21_1.layered+hash.40545-v2-neoforge-21.1.248.jar%23184!/:?]
		at TRANSFORMER/minecraft@1.21.1/net.minecraft.client.MouseHandler.onPress(MouseHandler.java:95) [neoforge-21.1.248-minecraft-merged-1.21.1-loom.mappings.1_21_1.layered+hash.40545-v2-neoforge-21.1.248.jar%23184!/:?]
		at TRANSFORMER/minecraft@1.21.1/net.minecraft.client.MouseHandler.method_22686(MouseHandler.java:202) [neoforge-21.1.248-minecraft-merged-1.21.1-loom.mappings.1_21_1.layered+hash.40545-v2-neoforge-21.1.248.jar%23184!/:?]
		at TRANSFORMER/minecraft@1.21.1/net.minecraft.util.thread.BlockableEventLoop.execute(BlockableEventLoop.java:98) [neoforge-21.1.248-minecraft-merged-1.21.1-loom.mappings.1_21_1.layered+hash.40545-v2-neoforge-21.1.248.jar%23184!/:?]
		at TRANSFORMER/minecraft@1.21.1/net.minecraft.client.MouseHandler.method_22684(MouseHandler.java:202) [neoforge-21.1.248-minecraft-merged-1.21.1-loom.mappings.1_21_1.layered+hash.40545-v2-neoforge-21.1.248.jar%23184!/:?]
		at MC-BOOTSTRAP/org.lwjgl.glfw@3.3.3+5/org.lwjgl.glfw.GLFWMouseButtonCallbackI.callback(GLFWMouseButtonCallbackI.java:43) [lwjgl-glfw-3.3.3.jar%23137!/:build 5]
		at MC-BOOTSTRAP/org.lwjgl@3.3.3+5/org.lwjgl.system.JNI.invokeV(Native Method) [lwjgl-3.3.3.jar%23145!/:build 5]
		at MC-BOOTSTRAP/org.lwjgl.glfw@3.3.3+5/org.lwjgl.glfw.GLFW.glfwWaitEventsTimeout(GLFW.java:3509) [lwjgl-glfw-3.3.3.jar%23137!/:build 5]
		at TRANSFORMER/minecraft@1.21.1/com.mojang.blaze3d.systems.RenderSystem.limitDisplayFPS(RenderSystem.java:162) [neoforge-21.1.248-minecraft-merged-1.21.1-loom.mappings.1_21_1.layered+hash.40545-v2-neoforge-21.1.248.jar%23184!/:?]
		at TRANSFORMER/minecraft@1.21.1/net.minecraft.client.Minecraft.runTick(Minecraft.java:1220) [neoforge-21.1.248-minecraft-merged-1.21.1-loom.mappings.1_21_1.layered+hash.40545-v2-neoforge-21.1.248.jar%23184!/:?]
		at TRANSFORMER/minecraft@1.21.1/net.minecraft.client.Minecraft.run(Minecraft.java:807) [neoforge-21.1.248-minecraft-merged-1.21.1-loom.mappings.1_21_1.layered+hash.40545-v2-neoforge-21.1.248.jar%23184!/:?]
		at TRANSFORMER/minecraft@1.21.1/net.minecraft.client.main.Main.main(Main.java:230) [neoforge-21.1.248-minecraft-merged-1.21.1-loom.mappings.1_21_1.layered+hash.40545-v2-neoforge-21.1.248.jar%23184!/:?]
		at java.base/jdk.internal.reflect.DirectMethodHandleAccessor.invoke(DirectMethodHandleAccessor.java:104) ~[?:?]
		at java.base/java.lang.reflect.Method.invoke(Method.java:565) ~[?:?]
		at MC-BOOTSTRAP/fml_loader@4.0.43/net.neoforged.fml.loading.targets.CommonLaunchHandler.runTarget(CommonLaunchHandler.java:136) [loader-4.0.43.jar%2396!/:4.0]
		at MC-BOOTSTRAP/fml_loader@4.0.43/net.neoforged.fml.loading.targets.CommonLaunchHandler.clientService(CommonLaunchHandler.java:124) [loader-4.0.43.jar%2396!/:4.0]
		at MC-BOOTSTRAP/fml_loader@4.0.43/net.neoforged.fml.loading.targets.NeoForgeClientDevLaunchHandler.runService(NeoForgeClientDevLaunchHandler.java:23) [loader-4.0.43.jar%2396!/:4.0]
		at MC-BOOTSTRAP/fml_loader@4.0.43/net.neoforged.fml.loading.targets.CommonLaunchHandler.lambda$launchService$4(CommonLaunchHandler.java:118) [loader-4.0.43.jar%2396!/:4.0]
		at MC-BOOTSTRAP/cpw.mods.modlauncher@11.0.5/cpw.mods.modlauncher.LaunchServiceHandlerDecorator.launch(LaunchServiceHandlerDecorator.java:30) [modlauncher-11.0.5.jar%23101!/:?]
		at MC-BOOTSTRAP/cpw.mods.modlauncher@11.0.5/cpw.mods.modlauncher.LaunchServiceHandler.launch(LaunchServiceHandler.java:53) [modlauncher-11.0.5.jar%23101!/:?]
		at MC-BOOTSTRAP/cpw.mods.modlauncher@11.0.5/cpw.mods.modlauncher.LaunchServiceHandler.launch(LaunchServiceHandler.java:71) [modlauncher-11.0.5.jar%23101!/:?]
		at MC-BOOTSTRAP/cpw.mods.modlauncher@11.0.5/cpw.mods.modlauncher.Launcher.run(Launcher.java:103) [modlauncher-11.0.5.jar%23101!/:?]
		at MC-BOOTSTRAP/cpw.mods.modlauncher@11.0.5/cpw.mods.modlauncher.Launcher.main(Launcher.java:74) [modlauncher-11.0.5.jar%23101!/:?]
		at MC-BOOTSTRAP/cpw.mods.modlauncher@11.0.5/cpw.mods.modlauncher.BootstrapLaunchConsumer.accept(BootstrapLaunchConsumer.java:26) [modlauncher-11.0.5.jar%23101!/:?]
		at MC-BOOTSTRAP/cpw.mods.modlauncher@11.0.5/cpw.mods.modlauncher.BootstrapLaunchConsumer.accept(BootstrapLaunchConsumer.java:23) [modlauncher-11.0.5.jar%23101!/:?]
		at cpw.mods.bootstraplauncher.BootstrapLauncher.run(BootstrapLauncher.java:210) [bootstraplauncher-2.0.2.jar:?]
		at cpw.mods.bootstraplauncher.BootstrapLauncher.main(BootstrapLauncher.java:69) [bootstraplauncher-2.0.2.jar:?]
		at net.fabricmc.devlaunchinjector.Main.main(Main.java:86) [dev-launch-injector-0.2.1+build.8.jar:?]
		at dev.architectury.transformer.TransformerRuntime.main(TransformerRuntime.java:220) [architectury-transformer-5.2.91-runtime.jar:5.2.91]
	Suppressed: java.io.IOException: Native library (linux-x86-64/libflite.so) not found in resource path (/home/alumi/Projects/MinecraftModding/Fabric-Neoforge-1.21.1-Mod/neoforge/build/classes/java/main:/home/alumi/Projects/MinecraftModding/Fabric-Neoforge-1.21.1-Mod/neoforge/build/classes/kotlin/main:/home/alumi/Projects/MinecraftModding/Fabric-Neoforge-1.21.1-Mod/neoforge/build/resources/main:/home/alumi/.gradle/caches/fabric-loom/1.21.1/neoforge/21.1.248/client-extra.jar:/home/alumi/.gradle/caches/fabric-loom/1.21.1/loom.mappings.1_21_1.layered+hash.40545-v2-neoforge-21.1.248/mappings.jar:/home/alumi/.gradle/caches/modules-2/files-2.1/dev.architectury/architectury-transformer/5.2.91/3e457b0162b88609887db77e727f886fcee37f3a/architectury-transformer-5.2.91-agent.jar:/home/alumi/.gradle/caches/modules-2/files-2.1/dev.architectury/architectury-transformer/5.2.91/405782a5ff1efc672fb42d7c96c7bfd634500f7/architectury-transformer-5.2.91-runtime.jar:/home/alumi/Projects/MinecraftModding/Fabric-Neoforge-1.21.1-Mod/common/build/devlibs/example_mod-1.0.0-dev.jar:/home/alumi/.gradle/caches/modules-2/files-2.1/net.neoforged.fancymodloader/earlydisplay/4.0.43/3a941fcf258b5a7dde0445377a7206a55d11630d/earlydisplay-4.0.43.jar:/home/alumi/.gradle/caches/fabric-loom/forge/transformed-dependencies-v1/net/neoforged/fancymodloader/2c0715efc07bc96945c289ea0d33f19ddff7ccd13ff22c890f683f9b519012e0/loader/4.0.43/loader-4.0.43.jar:/home/alumi/.gradle/caches/modules-2/files-2.1/net.neoforged.accesstransformers/at-modlauncher/10.0.1/5aba50202aceead086bc09fbc2751c9f05cb4890/at-modlauncher-10.0.1.jar:/home/alumi/.gradle/caches/modules-2/files-2.1/net.neoforged/accesstransformers/10.0.1/fd83b5725f76eae9115e9355fa1c456a6a441400/accesstransformers-10.0.1.jar:/home/alumi/.gradle/caches/modules-2/files-2.1/net.neoforged/bus/8.0.5/5b2d33285ab5d1554e9798ad98c40d6ea3868bd5/bus-8.0.5.jar:/home/alumi/.gradle/caches/modules-2/files-2.1/net.neoforged/coremods/7.0.3/9147e6f638b4272b3bd5fc8f92ad37802512c6c/coremods-7.0.3.jar:/home/alumi/.gradle/caches/modules-2/files-2.1/cpw.mods/modlauncher/11.0.5/b8f0d49294f733fdb6173931b263553e943dc950/modlauncher-11.0.5.jar:/home/alumi/.gradle/caches/modules-2/files-2.1/net.neoforged/mergetool/2.0.0/52fe1949be64e3303aabaaa21e315f551db9c9f4/mergetool-2.0.0-api.jar:/home/alumi/.gradle/caches/modules-2/files-2.1/com.electronwill.night-config/toml/3.8.3/90b2fd6efcb4a7d5b9810cf78f9d824994d717f2/toml-3.8.3.jar:/home/alumi/.gradle/caches/modules-2/files-2.1/com.electronwill.night-config/core/3.8.3/b442a95f09e349927f5a945ecb594455870fcf4f/core-3.8.3.jar:/home/alumi/.gradle/caches/modules-2/files-2.1/net.neoforged/JarJarSelector/0.4.1/fb3cc7a58af22ad2880adb98af6d518128c47dae/JarJarSelector-0.4.1.jar:/home/alumi/.gradle/caches/modules-2/files-2.1/net.neoforged/JarJarMetadata/0.4.1/f8da03683dc81694556dc3e177c5e3bb77ae6fcb/JarJarMetadata-0.4.1.jar:/home/alumi/.gradle/caches/modules-2/files-2.1/org.apache.maven/maven-artifact/3.8.5/4433f50c07debefaed0553bd0068f4f48d449313/maven-artifact-3.8.5.jar:/home/alumi/.gradle/caches/modules-2/files-2.1/net.jodah/typetools/0.6.3/a01aaa6ddaea9ec07ec4f209487b7a46a526283a/typetools-0.6.3.jar:/home/alumi/.gradle/caches/modules-2/files-2.1/net.minecrell/terminalconsoleappender/1.3.0/b562e9bb61235c9520e26282cdee71f8f802d1fc/terminalconsoleappender-1.3.0.jar:/home/alumi/.gradle/caches/modules-2/files-2.1/net.fabricmc/sponge-mixin/0.15.2+mixin.0.8.7/2af2f021d8e02a0220dc27a7a72b4666d66d44ca/sponge-mixin-0.15.2+mixin.0.8.7.jar:/home/alumi/.gradle/caches/modules-2/files-2.1/org.openjdk.nashorn/nashorn-core/15.4/f67f5ffaa5f5130cf6fb9b133da00c7df3b532a5/nashorn-core-15.4.jar:/home/alumi/.gradle/caches/modules-2/files-2.1/org.apache.commons/commons-lang3/3.14.0/1ed471194b02f2c6cb734a0cd6f6f107c673afae/commons-lang3-3.14.0.jar:/home/alumi/.gradle/caches/modules-2/files-2.1/cpw.mods/bootstraplauncher/2.0.2/1a2d076cbc33b0520cbacd591224427b2a20047d/bootstraplauncher-2.0.2.jar:/home/alumi/.gradle/caches/modules-2/files-2.1/cpw.mods/securejarhandler/3.0.8/c0ef95cecd8699a0449053ac7d9c160748d902cd/securejarhandler-3.0.8.jar:/home/alumi/.gradle/caches/modules-2/files-2.1/org.ow2.asm/asm-commons/9.10.1/4229e4c55fd8e01c23f9fe9884075cc628aacc50/asm-commons-9.10.1.jar:/home/alumi/.gradle/caches/modules-2/files-2.1/org.ow2.asm/asm-util/9.10.1/7bb9d450e8d4cbf9f9e04096c44bbfe7fba80b15/asm-util-9.10.1.jar:/home/alumi/.gradle/caches/modules-2/files-2.1/org.ow2.asm/asm-analysis/9.10.1/8d49f14d51f632cb1d87c88d1ceaf50db0d8af1b/asm-analysis-9.10.1.jar:/home/alumi/.gradle/caches/modules-2/files-2.1/io.github.juuxel/unprotect-modlauncher/2.0.2/20d36922d7bb84c3185c213e935150584d6c7166/unprotect-modlauncher-2.0.2.jar:/home/alumi/.gradle/caches/modules-2/files-2.1/io.github.juuxel/unprotect/2.0.2/d79e894ec170237a02281b45e3203df6306675d6/unprotect-2.0.2.jar:/home/alumi/.gradle/caches/modules-2/files-2.1/org.ow2.asm/asm-tree/9.10.1/e244332a17564c1d1572449399a842de35881be2/asm-tree-9.10.1.jar:/home/alumi/.gradle/caches/modules-2/files-2.1/org.ow2.asm/asm/9.10.1/ada2141c0cc52ee8f5c48cd5fa4ce0e794f22236/asm-9.10.1.jar:/home/alumi/.gradle/caches/modules-2/files-2.1/net.neoforged/JarJarFileSystems/0.4.1/78f59f89defcd032ed788b151ca6a0d40ace796a/JarJarFileSystems-0.4.1.jar:/home/alumi/.gradle/caches/modules-2/files-2.1/io.github.llamalad7/mixinextras-neoforge/0.5.3/a0919957808de97707c5fb4ce073e66aeef3e187/mixinextras-neoforge-0.5.3.jar:/home/alumi/.gradle/caches/modules-2/files-2.1/net.sf.jopt-simple/jopt-simple/5.0.4/4fdac2fbe92dfad86aa6e9301736f6b4342a3f5c/jopt-simple-5.0.4.jar:/home/alumi/.gradle/caches/modules-2/files-2.1/com.mojang/logging/1.2.7/24cb95ffb0e3433fd6e844c04e68009e504ca1c0/logging-1.2.7.jar:/home/alumi/.gradle/caches/modules-2/files-2.1/org.apache.logging.log4j/log4j-slf4j2-impl/2.22.1/d7e6693c2606cb7e7335047d7bb96dec52db5665/log4j-slf4j2-impl-2.22.1.jar:/home/alumi/.gradle/caches/modules-2/files-2.1/com.machinezoo.noexception/noexception/1.7.1/b65330c98e38a1f915fa54a6e5eca496505e3f0a/noexception-1.7.1.jar:/home/alumi/.gradle/caches/modules-2/files-2.1/org.slf4j/slf4j-api/2.0.9/7cf2726fdcfbc8610f9a71fb3ed639871f315340/slf4j-api-2.0.9.jar:/home/alumi/.gradle/caches/modules-2/files-2.1/org.antlr/antlr4-runtime/4.13.1/17125bae1d965624e265ef49552f6465a2bfa307/antlr4-runtime-4.13.1.jar:/home/alumi/.gradle/caches/modules-2/files-2.1/org.apache.logging.log4j/log4j-core/2.22.1/7183a25510a02ad00cc6a95d3b3d2a7d3c5a8dc4/log4j-core-2.22.1.jar:/home/alumi/.gradle/caches/modules-2/files-2.1/org.apache.logging.log4j/log4j-api/2.22.1/bea6fede6328fabafd7e68363161a7ea6605abd1/log4j-api-2.22.1.jar:/home/alumi/.gradle/caches/modules-2/files-2.1/org.jline/jline-reader/3.20.0/8f15415b022a25b473e8e16c28ae913186ffb9c4/jline-reader-3.20.0.jar:/home/alumi/.gradle/caches/modules-2/files-2.1/org.jline/jline-terminal/3.20.0/d0ddcc708ddf527a3454c941b7b9225cc83a15ff/jline-terminal-3.20.0.jar:/home/alumi/.gradle/caches/modules-2/files-2.1/commons-io/commons-io/2.15.1/f11560da189ab563a5c8e351941415430e9304ea/commons-io-2.15.1.jar:/home/alumi/.gradle/caches/modules-2/files-2.1/net.minecraftforge/srgutils/0.4.15/ca408b131759478f164e010fae0d73997e125fb5/srgutils-0.4.15.jar:/home/alumi/.gradle/caches/modules-2/files-2.1/com.google.guava/guava/32.1.2-jre/5e64ec7e056456bef3a4bc4c6fdaef71e8ab6318/guava-32.1.2-jre.jar:/home/alumi/.gradle/caches/modules-2/files-2.1/com.google.guava/failureaccess/1.0.1/1dcf1de382a0bf95a3d8b0849546c88bac1292c9/failureaccess-1.0.1.jar:/home/alumi/.gradle/caches/modules-2/files-2.1/com.google.guava/listenablefuture/9999.0-empty-to-avoid-conflict-with-guava/b421526c5f297295adef1c886e5246c39d4ac629/listenablefuture-9999.0-empty-to-avoid-conflict-with-guava.jar:/home/alumi/.gradle/caches/modules-2/files-2.1/com.google.code.findbugs/jsr305/3.0.2/25ea2e8b0c338a877313bd4672d3fe056ea78f0d/jsr305-3.0.2.jar:/home/alumi/.gradle/caches/modules-2/files-2.1/org.checkerframework/checker-qual/3.33.0/de2b60b62da487644fc11f734e73c8b0b431238f/checker-qual-3.33.0.jar:/home/alumi/.gradle/caches/modules-2/files-2.1/com.google.errorprone/error_prone_annotations/2.18.0/89b684257096f548fa39a7df9fdaa409d4d4df91/error_prone_annotations-2.18.0.jar:/home/alumi/.gradle/caches/modules-2/files-2.1/com.google.j2objc/j2objc-annotations/2.8/c85270e307e7b822f1086b93689124b89768e273/j2objc-annotations-2.8.jar:/home/alumi/.gradle/caches/modules-2/files-2.1/com.google.code.gson/gson/2.10.1/b3add478d4382b78ea20b1671390a858002feb6c/gson-2.10.1.jar:/home/alumi/.gradle/caches/modules-2/files-2.1/org.codehaus.plexus/plexus-utils/3.3.0/cf43b5391de623b36fe066a21127baef82c64022/plexus-utils-3.3.0.jar:/home/alumi/.gradle/caches/modules-2/files-2.1/org.lwjgl/lwjgl-glfw/3.3.3/efa1eb78c5ccd840e9f329717109b5e892d72f8e/lwjgl-glfw-3.3.3.jar:/home/alumi/.gradle/caches/modules-2/files-2.1/org.lwjgl/lwjgl-glfw/3.3.3/a03684c5e4b1b1dbbe0d29dbbdc27b985b6840f2/lwjgl-glfw-3.3.3-natives-linux.jar:/home/alumi/.gradle/caches/modules-2/files-2.1/org.lwjgl/lwjgl-opengl/3.3.3/2f6b0147078396a58979125a4c947664e98293a/lwjgl-opengl-3.3.3.jar:/home/alumi/.gradle/caches/modules-2/files-2.1/org.lwjgl/lwjgl-opengl/3.3.3/62c70a4b00ca5391882b0f4b787c1588d24f1c86/lwjgl-opengl-3.3.3-natives-linux.jar:/home/alumi/.gradle/caches/modules-2/files-2.1/org.lwjgl/lwjgl-stb/3.3.3/25dd6161988d7e65f71d5065c99902402ee32746/lwjgl-stb-3.3.3.jar:/home/alumi/.gradle/caches/modules-2/files-2.1/org.lwjgl/lwjgl-stb/3.3.3/fd1271ccd9d85eff2fa31f3fd543e02ccfaf5041/lwjgl-stb-3.3.3-natives-linux.jar:/home/alumi/.gradle/caches/modules-2/files-2.1/org.lwjgl/lwjgl-tinyfd/3.3.3/82d755ca94b102e9ca77283b9e2dc46d1b15fbe5/lwjgl-tinyfd-3.3.3.jar:/home/alumi/.gradle/caches/modules-2/files-2.1/org.lwjgl/lwjgl-tinyfd/3.3.3/d8d58daa0c3e5fd906fee96f5fddbcbc07cc308b/lwjgl-tinyfd-3.3.3-natives-linux.jar:/home/alumi/.gradle/caches/modules-2/files-2.1/org.lwjgl/lwjgl/3.3.3/29589b5f87ed335a6c7e7ee6a5775f81f97ecb84/lwjgl-3.3.3.jar:/home/alumi/.gradle/caches/modules-2/files-2.1/org.lwjgl/lwjgl/3.3.3/1713758e3660ba66e1e954396fd18126038b33c0/lwjgl-3.3.3-natives-linux.jar:/home/alumi/.gradle/caches/modules-2/files-2.1/thedarkcolour/kotlinforforge-neoforge/5.12.0/7e95d23cf56cbeb15aba25b4677d2119e00af46d/kotlinforforge-neoforge-5.12.0.jar:/home/alumi/.gradle/caches/modules-2/files-2.1/net.fabricmc/dev-launch-injector/0.2.1+build.8/da8bef7e6e2f952da707f282bdb46882a0fce5e3/dev-launch-injector-0.2.1+build.8.jar:/home/alumi/.gradle/caches/modules-2/files-2.1/com.github.oshi/oshi-core/6.4.10/b1d8ab82d11d92fd639b56d639f8f46f739dd5fa/oshi-core-6.4.10.jar:/home/alumi/.gradle/caches/modules-2/files-2.1/com.ibm.icu/icu4j/73.2/61ad4ef7f9131fcf6d25c34b817f90d6da06c9e9/icu4j-73.2.jar:/home/alumi/.gradle/caches/modules-2/files-2.1/com.mojang/authlib/6.0.54/de8bc95660e1b2fe8793fd427a7a10dcec5b3ea7/authlib-6.0.54.jar:/home/alumi/.gradle/caches/modules-2/files-2.1/com.mojang/blocklist/1.0.10/5c685c5ffa94c4cd39496c7184c1d122e515ecef/blocklist-1.0.10.jar:/home/alumi/.gradle/caches/modules-2/files-2.1/com.mojang/brigadier/1.3.10/d15b53a14cf20fdcaa98f731af5dda654452c010/brigadier-1.3.10.jar:/home/alumi/.gradle/caches/modules-2/files-2.1/com.mojang/datafixerupper/8.0.16/67d4de6d7f95d89bcf5862995fb854ebaec02a34/datafixerupper-8.0.16.jar:/home/alumi/.gradle/caches/modules-2/files-2.1/com.mojang/patchy/2.2.10/da05971b07cbb379d002cf7eaec6a2048211fefc/patchy-2.2.10.jar:/home/alumi/.gradle/caches/modules-2/files-2.1/com.mojang/text2speech/1.17.9/3cad216e3a7f0c19b4b394388bc9ffc446f13b14/text2speech-1.17.9.jar:/home/alumi/.gradle/caches/modules-2/files-2.1/commons-codec/commons-codec/1.16.0/4e3eb3d79888d76b54e28b350915b5dc3919c9de/commons-codec-1.16.0.jar:/home/alumi/.gradle/caches/modules-2/files-2.1/commons-logging/commons-logging/1.2/4bfc12adfe4842bf07b657f0369c4cb522955686/commons-logging-1.2.jar:/home/alumi/.gradle/caches/modules-2/files-2.1/io.netty/netty-buffer/4.1.97.Final/f8f3d8644afa5e6e1a40a3a6aeb9d9aa970ecb4f/netty-buffer-4.1.97.Final.jar:/home/alumi/.gradle/caches/modules-2/files-2.1/io.netty/netty-codec/4.1.97.Final/384ba4d75670befbedb45c4d3b497a93639c206d/netty-codec-4.1.97.Final.jar:/home/alumi/.gradle/caches/modules-2/files-2.1/io.netty/netty-common/4.1.97.Final/7cceacaf11df8dc63f23d0fb58e9d4640fc88404/netty-common-4.1.97.Final.jar:/home/alumi/.gradle/caches/modules-2/files-2.1/io.netty/netty-handler/4.1.97.Final/abb86c6906bf512bf2b797a41cd7d2e8d3cd7c36/netty-handler-4.1.97.Final.jar:/home/alumi/.gradle/caches/modules-2/files-2.1/io.netty/netty-resolver/4.1.97.Final/cec8348108dc76c47cf87c669d514be52c922144/netty-resolver-4.1.97.Final.jar:/home/alumi/.gradle/caches/modules-2/files-2.1/io.netty/netty-transport-classes-epoll/4.1.97.Final/795da37ded759e862457a82d9d92c4d39ce8ecee/netty-transport-classes-epoll-4.1.97.Final.jar:/home/alumi/.gradle/caches/modules-2/files-2.1/io.netty/netty-transport-native-epoll/4.1.97.Final/5514744c588190ffda076b35a9b8c9f24946a960/netty-transport-native-epoll-4.1.97.Final-linux-aarch_64.jar:/home/alumi/.gradle/caches/modules-2/files-2.1/io.netty/netty-transport-native-epoll/4.1.97.Final/54188f271e388e7f313aea995e82f58ce2cdb809/netty-transport-native-epoll-4.1.97.Final-linux-x86_64.jar:/home/alumi/.gradle/caches/modules-2/files-2.1/io.netty/netty-transport-native-unix-common/4.1.97.Final/d469d84265ab70095b01b40886cabdd433b6e664/netty-transport-native-unix-common-4.1.97.Final.jar:/home/alumi/.gradle/caches/modules-2/files-2.1/io.netty/netty-transport/4.1.97.Final/f37380d23c9bb079bc702910833b2fd532c9abd0/netty-transport-4.1.97.Final.jar:/home/alumi/.gradle/caches/modules-2/files-2.1/it.unimi.dsi/fastutil/8.5.12/c24946d46824bd528054bface3231d2ecb7e95e8/fastutil-8.5.12.jar:/home/alumi/.gradle/caches/modules-2/files-2.1/net.java.dev.jna/jna-platform/5.14.0/28934d48aed814f11e4c584da55c49fa7032b31b/jna-platform-5.14.0.jar:/home/alumi/.gradle/caches/modules-2/files-2.1/net.java.dev.jna/jna/5.14.0/67bf3eaea4f0718cb376a181a629e5f88fa1c9dd/jna-5.14.0.jar:/home/alumi/.gradle/caches/modules-2/files-2.1/org.apache.commons/commons-compress/1.26.0/659feffdd12280201c8aacb8f7be94f9a883c824/commons-compress-1.26.0.jar:/home/alumi/.gradle/caches/modules-2/files-2.1/org.apache.httpcomponents/httpclient/4.5.13/e5f6cae5ca7ecaac1ec2827a9e2d65ae2869cada/httpclient-4.5.13.jar:/home/alumi/.gradle/caches/modules-2/files-2.1/org.apache.httpcomponents/httpcore/4.4.16/51cf043c87253c9f58b539c9f7e44c8894223850/httpcore-4.4.16.jar:/home/alumi/.gradle/caches/modules-2/files-2.1/org.jcraft/jorbis/0.0.17/8872d22b293e8f5d7d56ff92be966e6dc28ebdc6/jorbis-0.0.17.jar:/home/alumi/.gradle/caches/modules-2/files-2.1/org.joml/joml/1.10.5/22566d58af70ad3d72308bab63b8339906deb649/joml-1.10.5.jar:/home/alumi/.gradle/caches/modules-2/files-2.1/org.lwjgl/lwjgl-freetype/3.3.3/a0db6c84a8becc8ca05f9dbfa985edc348a824c7/lwjgl-freetype-3.3.3.jar:/home/alumi/.gradle/caches/modules-2/files-2.1/org.lwjgl/lwjgl-freetype/3.3.3/149070a5480900347071b7074779531f25a6e3dc/lwjgl-freetype-3.3.3-natives-linux.jar:/home/alumi/.gradle/caches/modules-2/files-2.1/org.lwjgl/lwjgl-jemalloc/3.3.3/b543467b7ff3c6920539a88ee602d34098628be5/lwjgl-jemalloc-3.3.3.jar:/home/alumi/.gradle/caches/modules-2/files-2.1/org.lwjgl/lwjgl-jemalloc/3.3.3/4f86728bf449b1dd61251c4e0ac01df1389cb51e/lwjgl-jemalloc-3.3.3-natives-linux.jar:/home/alumi/.gradle/caches/modules-2/files-2.1/org.lwjgl/lwjgl-openal/3.3.3/daada81ceb5fc0c291fbfdd4433cb8d9423577f2/lwjgl-openal-3.3.3.jar:/home/alumi/.gradle/caches/modules-2/files-2.1/org.lwjgl/lwjgl-openal/3.3.3/3037360cc4595079bea240af250b6d1a527e0905/lwjgl-openal-3.3.3-natives-linux.jar:/home/alumi/.gradle/caches/modules-2/files-2.1/org.lz4/lz4-java/1.8.0/4b986a99445e49ea5fbf5d149c4b63f6ed6c6780/lz4-java-1.8.0.jar:/home/alumi/.gradle/caches/fabric-loom/minecraftMaven/net/minecraft/neoforge-21.1.248-minecraft-merged/1.21.1-loom.mappings.1_21_1.layered+hash.40545-v2-neoforge-21.1.248/neoforge-21.1.248-minecraft-merged-1.21.1-loom.mappings.1_21_1.layered+hash.40545-v2-neoforge-21.1.248.jar:/home/alumi/Projects/MinecraftModding/Fabric-Neoforge-1.21.1-Mod/.gradle/loom-cache/remapped_mods/remapped/dev/architectury/architectury-neoforge-bd6068e4/13.0.11/architectury-neoforge-bd6068e4-13.0.11.jar:/home/alumi/.gradle/caches/modules-2/files-2.1/thedarkcolour/kfflang-neoforge/5.12.0/fe2a44ee01ffe868939dbaef15e15393e74980ee/kfflang-neoforge-5.12.0.jar:/home/alumi/.gradle/caches/modules-2/files-2.1/thedarkcolour/kfflib-neoforge/5.12.0/52db8b8da5234c47936758e9e0d1174a1723a371/kfflib-neoforge-5.12.0.jar:/home/alumi/.gradle/caches/modules-2/files-2.1/thedarkcolour/kffmod-neoforge/5.12.0/451bfb7562d1386cd5c8899815564543c6ec8d9d/kffmod-neoforge-5.12.0.jar:/home/alumi/.gradle/caches/modules-2/files-2.1/org.jetbrains.kotlin/kotlin-reflect/2.4.0/532cc727c0960d12f4c9acb6a6c2c4a3e08187b/kotlin-reflect-2.4.0.jar:/home/alumi/.gradle/caches/modules-2/files-2.1/org.jetbrains.kotlin/kotlin-stdlib-jdk8/2.4.0/ff44d8831b07b547fc0263e33304e876788d6f0d/kotlin-stdlib-jdk8-2.4.0.jar:/home/alumi/.gradle/caches/modules-2/files-2.1/org.jetbrains.kotlin/kotlin-stdlib-jdk7/2.4.0/65464dd63e7ab1b7cb29f2b2554971088deb50f3/kotlin-stdlib-jdk7-2.4.0.jar:/home/alumi/.gradle/caches/modules-2/files-2.1/org.jetbrains.kotlinx/kotlinx-coroutines-jdk8/1.11.0/e470357f495c20ec5bccc6b97d90f8291f7969f8/kotlinx-coroutines-jdk8-1.11.0.jar:/home/alumi/.gradle/caches/modules-2/files-2.1/org.jetbrains.kotlinx/kotlinx-coroutines-core-jvm/1.11.0/3d57dc678bd8d72a60e7adf0eca5c54e3f4f4b79/kotlinx-coroutines-core-jvm-1.11.0.jar:/home/alumi/.gradle/caches/modules-2/files-2.1/org.jetbrains.kotlinx/kotlinx-serialization-json-jvm/1.11.0/e7e045e99e56f07599bb9ccb708c2190e2af0606/kotlinx-serialization-json-jvm-1.11.0.jar:/home/alumi/.gradle/caches/modules-2/files-2.1/org.jetbrains.kotlinx/kotlinx-serialization-core-jvm/1.11.0/c1905c9bf7452b045d5af9248835abe64ddad6bf/kotlinx-serialization-core-jvm-1.11.0.jar:/home/alumi/.gradle/caches/modules-2/files-2.1/org.jetbrains.kotlin/kotlin-stdlib/2.4.0/4e9f4b531dce5c7dee58ed2de9a8b9a763c8dc6c/kotlin-stdlib-2.4.0.jar:/home/alumi/.gradle/caches/modules-2/files-2.1/org.jetbrains/annotations/23.0.0/8cc20c07506ec18e0834947b84a864bfc094484e/annotations-23.0.0.jar:/tmp/2848733509020848586.jar)
		at MC-BOOTSTRAP/com.sun.jna@5.14.0/com.sun.jna.Native.extractFromResourcePath(Native.java:1141) ~[jna-5.14.0.jar%23169!/:5.14.0 (b0)]
		at MC-BOOTSTRAP/com.sun.jna@5.14.0/com.sun.jna.NativeLibrary.loadLibrary(NativeLibrary.java:297) ~[jna-5.14.0.jar%23169!/:5.14.0 (b0)]
		at MC-BOOTSTRAP/com.sun.jna@5.14.0/com.sun.jna.NativeLibrary.getInstance(NativeLibrary.java:481) ~[jna-5.14.0.jar%23169!/:5.14.0 (b0)]
		at MC-BOOTSTRAP/com.sun.jna@5.14.0/com.sun.jna.NativeLibrary.getInstance(NativeLibrary.java:423) ~[jna-5.14.0.jar%23169!/:5.14.0 (b0)]
		at MC-BOOTSTRAP/text2speech@1.17.9/com.mojang.text2speech.NarratorLinux$FliteLibrary.loadNative(NarratorLinux.java:67) ~[text2speech-1.17.9.jar%23154!/:?]
		at MC-BOOTSTRAP/text2speech@1.17.9/com.mojang.text2speech.NarratorLinux.<init>(NarratorLinux.java:18) ~[text2speech-1.17.9.jar%23154!/:?]
		at MC-BOOTSTRAP/text2speech@1.17.9/com.mojang.text2speech.Narrator.getNarrator(Narrator.java:41) [text2speech-1.17.9.jar%23154!/:?]
		at TRANSFORMER/minecraft@1.21.1/net.minecraft.client.gui.screens.AccessibilityOnboardingScreen.close(AccessibilityOnboardingScreen.java:106) [neoforge-21.1.248-minecraft-merged-1.21.1-loom.mappings.1_21_1.layered+hash.40545-v2-neoforge-21.1.248.jar%23184!/:?]
		at TRANSFORMER/minecraft@1.21.1/net.minecraft.client.gui.screens.AccessibilityOnboardingScreen.onClose(AccessibilityOnboardingScreen.java:95) [neoforge-21.1.248-minecraft-merged-1.21.1-loom.mappings.1_21_1.layered+hash.40545-v2-neoforge-21.1.248.jar%23184!/:?]
		at TRANSFORMER/minecraft@1.21.1/net.minecraft.client.gui.screens.AccessibilityOnboardingScreen.method_48639(AccessibilityOnboardingScreen.java:66) [neoforge-21.1.248-minecraft-merged-1.21.1-loom.mappings.1_21_1.layered+hash.40545-v2-neoforge-21.1.248.jar%23184!/:?]
		at TRANSFORMER/minecraft@1.21.1/net.minecraft.client.gui.components.Button.onPress(Button.java:41) [neoforge-21.1.248-minecraft-merged-1.21.1-loom.mappings.1_21_1.layered+hash.40545-v2-neoforge-21.1.248.jar%23184!/:?]
		at TRANSFORMER/minecraft@1.21.1/net.minecraft.client.gui.components.AbstractButton.onClick(AbstractButton.java:47) [neoforge-21.1.248-minecraft-merged-1.21.1-loom.mappings.1_21_1.layered+hash.40545-v2-neoforge-21.1.248.jar%23184!/:?]
		at TRANSFORMER/neoforge@21.1.248/net.neoforged.neoforge.client.extensions.IAbstractWidgetExtension.onClick(IAbstractWidgetExtension.java:36) [neoforge-21.1.248-minecraft-merged-1.21.1-loom.mappings.1_21_1.layered+hash.40545-v2-neoforge-21.1.248.jar%23185!/:?]
		at TRANSFORMER/minecraft@1.21.1/net.minecraft.client.gui.components.AbstractWidget.mouseClicked(AbstractWidget.java:144) [neoforge-21.1.248-minecraft-merged-1.21.1-loom.mappings.1_21_1.layered+hash.40545-v2-neoforge-21.1.248.jar%23184!/:?]
		at TRANSFORMER/minecraft@1.21.1/net.minecraft.client.gui.components.events.ContainerEventHandler.mouseClicked(ContainerEventHandler.java:38) [neoforge-21.1.248-minecraft-merged-1.21.1-loom.mappings.1_21_1.layered+hash.40545-v2-neoforge-21.1.248.jar%23184!/:?]
		at TRANSFORMER/minecraft@1.21.1/net.minecraft.client.MouseHandler.method_1611(MouseHandler.java:98) [neoforge-21.1.248-minecraft-merged-1.21.1-loom.mappings.1_21_1.layered+hash.40545-v2-neoforge-21.1.248.jar%23184!/:?]
		at TRANSFORMER/minecraft@1.21.1/net.minecraft.client.gui.screens.Screen.wrapScreenError(Screen.java:451) [neoforge-21.1.248-minecraft-merged-1.21.1-loom.mappings.1_21_1.layered+hash.40545-v2-neoforge-21.1.248.jar%23184!/:?]
		at TRANSFORMER/minecraft@1.21.1/net.minecraft.client.MouseHandler.onPress(MouseHandler.java:95) [neoforge-21.1.248-minecraft-merged-1.21.1-loom.mappings.1_21_1.layered+hash.40545-v2-neoforge-21.1.248.jar%23184!/:?]
		at TRANSFORMER/minecraft@1.21.1/net.minecraft.client.MouseHandler.method_22686(MouseHandler.java:202) [neoforge-21.1.248-minecraft-merged-1.21.1-loom.mappings.1_21_1.layered+hash.40545-v2-neoforge-21.1.248.jar%23184!/:?]
		at TRANSFORMER/minecraft@1.21.1/net.minecraft.util.thread.BlockableEventLoop.execute(BlockableEventLoop.java:98) [neoforge-21.1.248-minecraft-merged-1.21.1-loom.mappings.1_21_1.layered+hash.40545-v2-neoforge-21.1.248.jar%23184!/:?]
		at TRANSFORMER/minecraft@1.21.1/net.minecraft.client.MouseHandler.method_22684(MouseHandler.java:202) [neoforge-21.1.248-minecraft-merged-1.21.1-loom.mappings.1_21_1.layered+hash.40545-v2-neoforge-21.1.248.jar%23184!/:?]
		at MC-BOOTSTRAP/org.lwjgl.glfw@3.3.3+5/org.lwjgl.glfw.GLFWMouseButtonCallbackI.callback(GLFWMouseButtonCallbackI.java:43) [lwjgl-glfw-3.3.3.jar%23137!/:build 5]
		at MC-BOOTSTRAP/org.lwjgl@3.3.3+5/org.lwjgl.system.JNI.invokeV(Native Method) [lwjgl-3.3.3.jar%23145!/:build 5]
		at MC-BOOTSTRAP/org.lwjgl.glfw@3.3.3+5/org.lwjgl.glfw.GLFW.glfwWaitEventsTimeout(GLFW.java:3509) [lwjgl-glfw-3.3.3.jar%23137!/:build 5]
		at TRANSFORMER/minecraft@1.21.1/com.mojang.blaze3d.systems.RenderSystem.limitDisplayFPS(RenderSystem.java:162) [neoforge-21.1.248-minecraft-merged-1.21.1-loom.mappings.1_21_1.layered+hash.40545-v2-neoforge-21.1.248.jar%23184!/:?]
		at TRANSFORMER/minecraft@1.21.1/net.minecraft.client.Minecraft.runTick(Minecraft.java:1220) [neoforge-21.1.248-minecraft-merged-1.21.1-loom.mappings.1_21_1.layered+hash.40545-v2-neoforge-21.1.248.jar%23184!/:?]
		at TRANSFORMER/minecraft@1.21.1/net.minecraft.client.Minecraft.run(Minecraft.java:807) [neoforge-21.1.248-minecraft-merged-1.21.1-loom.mappings.1_21_1.layered+hash.40545-v2-neoforge-21.1.248.jar%23184!/:?]
		at TRANSFORMER/minecraft@1.21.1/net.minecraft.client.main.Main.main(Main.java:230) [neoforge-21.1.248-minecraft-merged-1.21.1-loom.mappings.1_21_1.layered+hash.40545-v2-neoforge-21.1.248.jar%23184!/:?]
		at java.base/jdk.internal.reflect.DirectMethodHandleAccessor.invoke(DirectMethodHandleAccessor.java:104) ~[?:?]
		at java.base/java.lang.reflect.Method.invoke(Method.java:565) ~[?:?]
		at MC-BOOTSTRAP/fml_loader@4.0.43/net.neoforged.fml.loading.targets.CommonLaunchHandler.runTarget(CommonLaunchHandler.java:136) [loader-4.0.43.jar%2396!/:4.0]
		at MC-BOOTSTRAP/fml_loader@4.0.43/net.neoforged.fml.loading.targets.CommonLaunchHandler.clientService(CommonLaunchHandler.java:124) [loader-4.0.43.jar%2396!/:4.0]
		at MC-BOOTSTRAP/fml_loader@4.0.43/net.neoforged.fml.loading.targets.NeoForgeClientDevLaunchHandler.runService(NeoForgeClientDevLaunchHandler.java:23) [loader-4.0.43.jar%2396!/:4.0]
		at MC-BOOTSTRAP/fml_loader@4.0.43/net.neoforged.fml.loading.targets.CommonLaunchHandler.lambda$launchService$4(CommonLaunchHandler.java:118) [loader-4.0.43.jar%2396!/:4.0]
		at MC-BOOTSTRAP/cpw.mods.modlauncher@11.0.5/cpw.mods.modlauncher.LaunchServiceHandlerDecorator.launch(LaunchServiceHandlerDecorator.java:30) [modlauncher-11.0.5.jar%23101!/:?]
		at MC-BOOTSTRAP/cpw.mods.modlauncher@11.0.5/cpw.mods.modlauncher.LaunchServiceHandler.launch(LaunchServiceHandler.java:53) [modlauncher-11.0.5.jar%23101!/:?]
		at MC-BOOTSTRAP/cpw.mods.modlauncher@11.0.5/cpw.mods.modlauncher.LaunchServiceHandler.launch(LaunchServiceHandler.java:71) [modlauncher-11.0.5.jar%23101!/:?]
		at MC-BOOTSTRAP/cpw.mods.modlauncher@11.0.5/cpw.mods.modlauncher.Launcher.run(Launcher.java:103) [modlauncher-11.0.5.jar%23101!/:?]
		at MC-BOOTSTRAP/cpw.mods.modlauncher@11.0.5/cpw.mods.modlauncher.Launcher.main(Launcher.java:74) [modlauncher-11.0.5.jar%23101!/:?]
		at MC-BOOTSTRAP/cpw.mods.modlauncher@11.0.5/cpw.mods.modlauncher.BootstrapLaunchConsumer.accept(BootstrapLaunchConsumer.java:26) [modlauncher-11.0.5.jar%23101!/:?]
		at MC-BOOTSTRAP/cpw.mods.modlauncher@11.0.5/cpw.mods.modlauncher.BootstrapLaunchConsumer.accept(BootstrapLaunchConsumer.java:23) [modlauncher-11.0.5.jar%23101!/:?]
		at cpw.mods.bootstraplauncher.BootstrapLauncher.run(BootstrapLauncher.java:210) [bootstraplauncher-2.0.2.jar:?]
		at cpw.mods.bootstraplauncher.BootstrapLauncher.main(BootstrapLauncher.java:69) [bootstraplauncher-2.0.2.jar:?]
		at net.fabricmc.devlaunchinjector.Main.main(Main.java:86) [dev-launch-injector-0.2.1+build.8.jar:?]
		at dev.architectury.transformer.TransformerRuntime.main(TransformerRuntime.java:220) [architectury-transformer-5.2.91-runtime.jar:5.2.91]
[26Aug2026 16:20:31.942] [Render thread/INFO] [net.minecraft.client.Minecraft/]: Stopping!
